epoch,variant,train_loss,train_metric,valid_loss,valid_metric,lr,timestamp
0,srnn-e-only-per-neuron,1.001689,0.767421,1.042382,0.780258,0.00025000,2026-04-28T03:40:54Z
0,srnn-e-only-skip-per-neuron,0.081699,0.214174,0.080013,0.211407,0.00025000,2026-04-28T03:40:54Z
0,srnn-sfa-e-only-per-neuron,1.016218,0.773588,1.055628,0.785984,0.00025000,2026-04-28T03:40:54Z
0,srnn-sfa-e-only-skip-per-neuron,0.097254,0.236447,0.092731,0.230068,0.00025000,2026-04-28T03:40:54Z
0,srnn-std-e-only-per-neuron,1.002156,0.768131,1.042818,0.780919,0.00025000,2026-04-28T03:40:54Z
0,srnn-std-e-only-skip-per-neuron,0.082072,0.214777,0.080331,0.211951,0.00025000,2026-04-28T03:40:54Z
1,srnn-e-only-per-neuron,1.001325,0.767299,1.041870,0.780086,0.00050000,2026-04-28T03:44:39Z
1,srnn-e-only-skip-per-neuron,0.081434,0.213764,0.079671,0.210874,0.00050000,2026-04-28T03:44:39Z
1,srnn-sfa-e-only-per-neuron,1.011440,0.771644,1.048427,0.783105,0.00050000,2026-04-28T03:44:39Z
1,srnn-sfa-e-only-skip-per-neuron,0.091941,0.229139,0.085850,0.220263,0.00050000,2026-04-28T03:44:39Z
1,srnn-std-e-only-per-neuron,1.001684,0.767908,1.042132,0.780594,0.00050000,2026-04-28T03:44:39Z
1,srnn-std-e-only-skip-per-neuron,0.081714,0.214212,0.079874,0.211210,0.00050000,2026-04-28T03:44:39Z
2,srnn-e-only-per-neuron,1.000761,0.767113,1.041410,0.779935,0.00050000,2026-04-28T03:48:24Z
2,srnn-e-only-skip-per-neuron,0.081106,0.213252,0.079456,0.210535,0.00050000,2026-04-28T03:48:24Z
2,srnn-sfa-e-only-per-neuron,1.005511,0.769241,1.044664,0.781548,0.00050000,2026-04-28T03:48:24Z
2,srnn-sfa-e-only-skip-per-neuron,0.085623,0.220136,0.082110,0.214715,0.00050000,2026-04-28T03:48:24Z
2,srnn-std-e-only-per-neuron,1.000957,0.767552,1.041485,0.780281,0.00050000,2026-04-28T03:48:24Z
2,srnn-std-e-only-skip-per-neuron,0.081265,0.213495,0.079572,0.210724,0.00050000,2026-04-28T03:48:24Z
3,srnn-e-only-per-neuron,1.000312,0.766960,1.041065,0.779819,0.00050000,2026-04-28T03:52:07Z
3,srnn-e-only-skip-per-neuron,0.080935,0.212984,0.079362,0.210382,0.00050000,2026-04-28T03:52:07Z
3,srnn-sfa-e-only-per-neuron,1.002822,0.768159,1.043194,0.780910,0.00050000,2026-04-28T03:52:07Z
3,srnn-sfa-e-only-skip-per-neuron,0.083099,0.216368,0.080918,0.212879,0.00050000,2026-04-28T03:52:07Z
3,srnn-std-e-only-per-neuron,1.000398,0.767278,1.041012,0.780070,0.00050000,2026-04-28T03:52:07Z
3,srnn-std-e-only-skip-per-neuron,0.081026,0.213119,0.079439,0.210514,0.00050000,2026-04-28T03:52:07Z
4,srnn-e-only-per-neuron,0.999929,0.766814,1.040696,0.779665,0.00050000,2026-04-28T03:55:51Z
4,srnn-e-only-skip-per-neuron,0.080852,0.212849,0.079310,0.210296,0.00050000,2026-04-28T03:55:51Z
4,srnn-sfa-e-only-per-neuron,1.001762,0.767738,1.042551,0.780636,0.00050000,2026-04-28T03:55:51Z
4,srnn-sfa-e-only-skip-per-neuron,0.082207,0.214990,0.080440,0.212140,0.00050000,2026-04-28T03:55:51Z
4,srnn-std-e-only-per-neuron,0.999964,0.767087,1.040568,0.779901,0.00050000,2026-04-28T03:55:51Z
4,srnn-std-e-only-skip-per-neuron,0.080914,0.212944,0.079368,0.210404,0.00050000,2026-04-28T03:55:51Z
5,srnn-e-only-per-neuron,0.999502,0.766619,1.040209,0.779435,0.00050000,2026-04-28T03:59:36Z
5,srnn-e-only-skip-per-neuron,0.080803,0.212770,0.079276,0.210239,0.00050000,2026-04-28T03:59:36Z
5,srnn-sfa-e-only-per-neuron,1.001215,0.767522,1.042185,0.780490,0.00050000,2026-04-28T03:59:36Z
5,srnn-sfa-e-only-skip-per-neuron,0.081798,0.214352,0.080180,0.211734,0.00050000,2026-04-28T03:59:36Z
5,srnn-std-e-only-per-neuron,0.999531,0.766927,1.040056,0.779748,0.00050000,2026-04-28T03:59:36Z
5,srnn-std-e-only-skip-per-neuron,0.080852,0.212848,0.079324,0.210334,0.00050000,2026-04-28T03:59:36Z
6,srnn-e-only-per-neuron,0.998950,0.766341,1.039522,0.779074,0.00050000,2026-04-28T04:03:22Z
6,srnn-e-only-skip-per-neuron,0.080770,0.212715,0.079252,0.210196,0.00050000,2026-04-28T04:03:22Z
6,srnn-sfa-e-only-per-neuron,1.000858,0.767379,1.041913,0.780382,0.00050000,2026-04-28T04:03:22Z
6,srnn-sfa-e-only-skip-per-neuron,0.081573,0.214002,0.080010,0.211467,0.00050000,2026-04-28T04:03:22Z
6,srnn-std-e-only-per-neuron,0.998997,0.766765,1.039418,0.779591,0.00050000,2026-04-28T04:03:22Z
6,srnn-std-e-only-skip-per-neuron,0.080812,0.212786,0.079294,0.210283,0.00050000,2026-04-28T04:03:22Z
7,srnn-e-only-per-neuron,0.998224,0.765947,1.038599,0.778570,0.00050000,2026-04-28T04:07:07Z
7,srnn-e-only-skip-per-neuron,0.080747,0.212674,0.079234,0.210165,0.00050000,2026-04-28T04:07:07Z
7,srnn-sfa-e-only-per-neuron,1.000577,0.767265,1.041690,0.780293,0.00050000,2026-04-28T04:07:07Z
7,srnn-sfa-e-only-skip-per-neuron,0.081423,0.213769,0.079894,0.211284,0.00050000,2026-04-28T04:07:07Z
7,srnn-std-e-only-per-neuron,0.998309,0.766582,1.038596,0.779408,0.00050000,2026-04-28T04:07:07Z
7,srnn-std-e-only-skip-per-neuron,0.080784,0.212740,0.079271,0.210245,0.00050000,2026-04-28T04:07:07Z
8,srnn-e-only-per-neuron,0.997343,0.765459,1.037474,0.777947,0.00050000,2026-04-28T04:10:50Z
8,srnn-e-only-skip-per-neuron,0.080730,0.212644,0.079221,0.210142,0.00050000,2026-04-28T04:10:50Z
8,srnn-sfa-e-only-per-neuron,1.000340,0.767167,1.041483,0.780211,0.00050000,2026-04-28T04:10:50Z
8,srnn-sfa-e-only-skip-per-neuron,0.081317,0.213604,0.079809,0.211150,0.00050000,2026-04-28T04:10:50Z
8,srnn-std-e-only-per-neuron,0.997459,0.766385,1.037561,0.779200,0.00050000,2026-04-28T04:10:50Z
8,srnn-std-e-only-skip-per-neuron,0.080763,0.212706,0.079254,0.210215,0.00050000,2026-04-28T04:10:50Z
9,srnn-e-only-per-neuron,0.996358,0.764887,1.036228,0.777270,0.00050000,2026-04-28T04:14:31Z
9,srnn-e-only-skip-per-neuron,0.080717,0.212621,0.079211,0.210124,0.00050000,2026-04-28T04:14:31Z
9,srnn-sfa-e-only-per-neuron,1.000120,0.767076,1.041275,0.780130,0.00050000,2026-04-28T04:14:31Z
9,srnn-sfa-e-only-skip-per-neuron,0.081241,0.213485,0.079743,0.211042,0.00050000,2026-04-28T04:14:31Z
9,srnn-std-e-only-per-neuron,0.996444,0.766166,1.036299,0.778954,0.00050000,2026-04-28T04:14:31Z
9,srnn-std-e-only-skip-per-neuron,0.080746,0.212679,0.079240,0.210191,0.00050000,2026-04-28T04:14:31Z
10,srnn-e-only-per-neuron,0.995212,0.764271,1.034950,0.776652,0.00050000,2026-04-28T04:18:29Z
10,srnn-e-only-skip-per-neuron,0.080706,0.212604,0.079203,0.210112,0.00050000,2026-04-28T04:18:29Z
10,srnn-sfa-e-only-per-neuron,0.999887,0.766981,1.041060,0.780048,0.00050000,2026-04-28T04:18:29Z
10,srnn-sfa-e-only-skip-per-neuron,0.081180,0.213390,0.079689,0.210954,0.00050000,2026-04-28T04:18:29Z
10,srnn-std-e-only-per-neuron,0.995168,0.765866,1.034894,0.778655,0.00050000,2026-04-28T04:18:29Z
10,srnn-std-e-only-skip-per-neuron,0.080733,0.212657,0.079228,0.210172,0.00050000,2026-04-28T04:18:29Z
11,srnn-e-only-per-neuron,0.994070,0.763726,1.033645,0.776094,0.00050000,2026-04-28T04:22:09Z
11,srnn-e-only-skip-per-neuron,0.080698,0.212592,0.079197,0.210102,0.00050000,2026-04-28T04:22:09Z
11,srnn-sfa-e-only-per-neuron,0.999648,0.766882,1.040818,0.779953,0.00050000,2026-04-28T04:22:09Z
11,srnn-sfa-e-only-skip-per-neuron,0.081130,0.213310,0.079643,0.210879,0.00050000,2026-04-28T04:22:09Z
11,srnn-std-e-only-per-neuron,0.993760,0.765537,1.033386,0.778319,0.00050000,2026-04-28T04:22:09Z
11,srnn-std-e-only-skip-per-neuron,0.080722,0.212639,0.079219,0.210155,0.00050000,2026-04-28T04:22:09Z
12,srnn-e-only-per-neuron,0.992851,0.763213,1.032332,0.775592,0.00050000,2026-04-28T04:25:49Z
12,srnn-e-only-skip-per-neuron,0.080692,0.212581,0.079192,0.210094,0.00050000,2026-04-28T04:25:49Z
12,srnn-sfa-e-only-per-neuron,0.999380,0.766766,1.040543,0.779845,0.00050000,2026-04-28T04:25:49Z
12,srnn-sfa-e-only-skip-per-neuron,0.081088,0.213243,0.079603,0.210812,0.00050000,2026-04-28T04:25:49Z
12,srnn-std-e-only-per-neuron,0.992170,0.765112,1.031805,0.777938,0.00050000,2026-04-28T04:25:49Z
12,srnn-std-e-only-skip-per-neuron,0.080713,0.212623,0.079211,0.210140,0.00050000,2026-04-28T04:25:49Z
13,srnn-e-only-per-neuron,0.991606,0.762721,1.031002,0.775088,0.00050000,2026-04-28T04:29:29Z
13,srnn-e-only-skip-per-neuron,0.080686,0.212572,0.079188,0.210088,0.00050000,2026-04-28T04:29:29Z
13,srnn-sfa-e-only-per-neuron,0.999075,0.766638,1.040222,0.779723,0.00050000,2026-04-28T04:29:29Z
13,srnn-sfa-e-only-skip-per-neuron,0.081052,0.213185,0.079569,0.210754,0.00050000,2026-04-28T04:29:29Z
13,srnn-std-e-only-per-neuron,0.990491,0.764633,1.030184,0.777526,0.00050000,2026-04-28T04:29:29Z
13,srnn-std-e-only-skip-per-neuron,0.080705,0.212610,0.079205,0.210128,0.00050000,2026-04-28T04:29:29Z
14,srnn-e-only-per-neuron,0.990259,0.762191,1.029673,0.774581,0.00050000,2026-04-28T04:33:10Z
14,srnn-e-only-skip-per-neuron,0.080682,0.212565,0.079184,0.210083,0.00050000,2026-04-28T04:33:10Z
14,srnn-sfa-e-only-per-neuron,0.998710,0.766487,1.039844,0.779575,0.00050000,2026-04-28T04:33:10Z
14,srnn-sfa-e-only-skip-per-neuron,0.081019,0.213133,0.079538,0.210702,0.00050000,2026-04-28T04:33:10Z
14,srnn-std-e-only-per-neuron,0.988667,0.764079,1.028626,0.777093,0.00050000,2026-04-28T04:33:10Z
14,srnn-std-e-only-skip-per-neuron,0.080699,0.212598,0.079199,0.210117,0.00050000,2026-04-28T04:33:10Z
15,srnn-e-only-per-neuron,0.988910,0.761639,1.028338,0.774048,0.00050000,2026-04-28T04:36:51Z
15,srnn-e-only-skip-per-neuron,0.080678,0.212559,0.079181,0.210078,0.00050000,2026-04-28T04:36:51Z
15,srnn-sfa-e-only-per-neuron,0.998297,0.766314,1.039371,0.779387,0.00050000,2026-04-28T04:36:51Z
15,srnn-sfa-e-only-skip-per-neuron,0.080992,0.213089,0.079510,0.210655,0.00050000,2026-04-28T04:36:51Z
15,srnn-std-e-only-per-neuron,0.986831,0.763488,1.027055,0.776626,0.00050000,2026-04-28T04:36:51Z
15,srnn-std-e-only-skip-per-neuron,0.080693,0.212589,0.079195,0.210108,0.00050000,2026-04-28T04:36:51Z
16,srnn-e-only-per-neuron,0.987491,0.761055,1.026963,0.773515,0.00050000,2026-04-28T04:40:31Z
16,srnn-e-only-skip-per-neuron,0.080674,0.212553,0.079178,0.210073,0.00050000,2026-04-28T04:40:31Z
16,srnn-sfa-e-only-per-neuron,0.997791,0.766101,1.038787,0.779151,0.00050000,2026-04-28T04:40:31Z
16,srnn-sfa-e-only-skip-per-neuron,0.080966,0.213047,0.079485,0.210613,0.00050000,2026-04-28T04:40:31Z
16,srnn-std-e-only-per-neuron,0.984967,0.762861,1.025476,0.776113,0.00050000,2026-04-28T04:40:31Z
16,srnn-std-e-only-skip-per-neuron,0.080688,0.212580,0.079190,0.210101,0.00050000,2026-04-28T04:40:31Z
17,srnn-e-only-per-neuron,0.986015,0.760454,1.025616,0.772982,0.00050000,2026-04-28T04:44:10Z
17,srnn-e-only-skip-per-neuron,0.080671,0.212548,0.079176,0.210069,0.00050000,2026-04-28T04:44:10Z
17,srnn-sfa-e-only-per-neuron,0.997213,0.765854,1.038084,0.778861,0.00050000,2026-04-28T04:44:10Z
17,srnn-sfa-e-only-skip-per-neuron,0.080943,0.213011,0.079463,0.210575,0.00050000,2026-04-28T04:44:10Z
17,srnn-std-e-only-per-neuron,0.983130,0.762218,1.023825,0.775558,0.00050000,2026-04-28T04:44:10Z
17,srnn-std-e-only-skip-per-neuron,0.080684,0.212573,0.079187,0.210094,0.00050000,2026-04-28T04:44:10Z
18,srnn-e-only-per-neuron,0.984460,0.759823,1.024258,0.772459,0.00050000,2026-04-28T04:47:50Z
18,srnn-e-only-skip-per-neuron,0.080669,0.212543,0.079174,0.210066,0.00050000,2026-04-28T04:47:50Z
18,srnn-sfa-e-only-per-neuron,0.996525,0.765557,1.037249,0.778511,0.00050000,2026-04-28T04:47:50Z
18,srnn-sfa-e-only-skip-per-neuron,0.080923,0.212978,0.079443,0.210540,0.00050000,2026-04-28T04:47:50Z
18,srnn-std-e-only-per-neuron,0.981261,0.761552,1.022175,0.774986,0.00050000,2026-04-28T04:47:50Z
18,srnn-std-e-only-skip-per-neuron,0.080680,0.212567,0.079184,0.210088,0.00050000,2026-04-28T04:47:50Z
19,srnn-e-only-per-neuron,0.982860,0.759169,1.022842,0.771876,0.00050000,2026-04-28T04:51:30Z
19,srnn-e-only-skip-per-neuron,0.080666,0.212539,0.079172,0.210063,0.00050000,2026-04-28T04:51:30Z
19,srnn-sfa-e-only-per-neuron,0.995750,0.765219,1.036286,0.778108,0.00050000,2026-04-28T04:51:30Z
19,srnn-sfa-e-only-skip-per-neuron,0.080905,0.212947,0.079425,0.210509,0.00050000,2026-04-28T04:51:30Z
19,srnn-std-e-only-per-neuron,0.979335,0.760841,1.020576,0.774395,0.00050000,2026-04-28T04:51:30Z
19,srnn-std-e-only-skip-per-neuron,0.080677,0.212561,0.079181,0.210082,0.00050000,2026-04-28T04:51:30Z
20,srnn-e-only-per-neuron,0.981196,0.758456,1.021397,0.771295,0.00050000,2026-04-28T04:55:28Z
20,srnn-e-only-skip-per-neuron,0.080664,0.212535,0.079170,0.210060,0.00050000,2026-04-28T04:55:28Z
20,srnn-sfa-e-only-per-neuron,0.994830,0.764816,1.035187,0.777660,0.00050000,2026-04-28T04:55:28Z
20,srnn-sfa-e-only-skip-per-neuron,0.080888,0.212920,0.079408,0.210480,0.00050000,2026-04-28T04:55:28Z
20,srnn-std-e-only-per-neuron,0.977437,0.760148,1.018976,0.773809,0.00050000,2026-04-28T04:55:28Z
20,srnn-std-e-only-skip-per-neuron,0.080674,0.212555,0.079178,0.210077,0.00050000,2026-04-28T04:55:28Z
21,srnn-e-only-per-neuron,0.979435,0.757743,1.019871,0.770707,0.00050000,2026-04-28T04:59:07Z
21,srnn-e-only-skip-per-neuron,0.080662,0.212532,0.079168,0.210057,0.00050000,2026-04-28T04:59:07Z
21,srnn-sfa-e-only-per-neuron,0.993774,0.764374,1.033973,0.777182,0.00050000,2026-04-28T04:59:07Z
21,srnn-sfa-e-only-skip-per-neuron,0.080873,0.212894,0.079392,0.210453,0.00050000,2026-04-28T04:59:07Z
21,srnn-std-e-only-per-neuron,0.975456,0.759400,1.017314,0.773188,0.00050000,2026-04-28T04:59:07Z
21,srnn-std-e-only-skip-per-neuron,0.080671,0.212551,0.079176,0.210073,0.00050000,2026-04-28T04:59:07Z
22,srnn-e-only-per-neuron,0.977609,0.757027,1.018295,0.770102,0.00050000,2026-04-28T05:02:48Z
22,srnn-e-only-skip-per-neuron,0.080659,0.212528,0.079167,0.210054,0.00050000,2026-04-28T05:02:48Z
22,srnn-sfa-e-only-per-neuron,0.992578,0.763883,1.032674,0.776687,0.00050000,2026-04-28T05:02:48Z
22,srnn-sfa-e-only-skip-per-neuron,0.080859,0.212871,0.079378,0.210429,0.00050000,2026-04-28T05:02:48Z
22,srnn-std-e-only-per-neuron,0.973476,0.758652,1.015661,0.772605,0.00050000,2026-04-28T05:02:48Z
22,srnn-std-e-only-skip-per-neuron,0.080669,0.212546,0.079174,0.210069,0.00050000,2026-04-28T05:02:48Z
23,srnn-e-only-per-neuron,0.975715,0.756242,1.016692,0.769465,0.00050000,2026-04-28T05:06:30Z
23,srnn-e-only-skip-per-neuron,0.080657,0.212525,0.079165,0.210052,0.00050000,2026-04-28T05:06:30Z
23,srnn-sfa-e-only-per-neuron,0.991216,0.763336,1.031307,0.776174,0.00050000,2026-04-28T05:06:30Z
23,srnn-sfa-e-only-skip-per-neuron,0.080846,0.212849,0.079365,0.210406,0.00050000,2026-04-28T05:06:30Z
23,srnn-std-e-only-per-neuron,0.971448,0.757924,1.013994,0.772012,0.00050000,2026-04-28T05:06:30Z
23,srnn-std-e-only-skip-per-neuron,0.080667,0.212542,0.079172,0.210065,0.00050000,2026-04-28T05:06:30Z
24,srnn-e-only-per-neuron,0.973750,0.755442,1.015051,0.768852,0.00050000,2026-04-28T05:10:10Z
24,srnn-e-only-skip-per-neuron,0.080655,0.212521,0.079163,0.210049,0.00050000,2026-04-28T05:10:10Z
24,srnn-sfa-e-only-per-neuron,0.989759,0.762765,1.029889,0.775670,0.00050000,2026-04-28T05:10:10Z
24,srnn-sfa-e-only-skip-per-neuron,0.080834,0.212830,0.079353,0.210386,0.00050000,2026-04-28T05:10:10Z
24,srnn-std-e-only-per-neuron,0.969356,0.757151,1.012247,0.771362,0.00050000,2026-04-28T05:10:10Z
24,srnn-std-e-only-skip-per-neuron,0.080664,0.212538,0.079170,0.210061,0.00050000,2026-04-28T05:10:10Z
25,srnn-e-only-per-neuron,0.971762,0.754656,1.013424,0.768282,0.00050000,2026-04-28T05:13:50Z
25,srnn-e-only-skip-per-neuron,0.080653,0.212518,0.079161,0.210046,0.00050000,2026-04-28T05:13:50Z
25,srnn-sfa-e-only-per-neuron,0.988245,0.762194,1.028352,0.775121,0.00050000,2026-04-28T05:13:50Z
25,srnn-sfa-e-only-skip-per-neuron,0.080823,0.212811,0.079341,0.210366,0.00050000,2026-04-28T05:13:50Z
25,srnn-std-e-only-per-neuron,0.967188,0.756324,1.010510,0.770711,0.00050000,2026-04-28T05:13:50Z
25,srnn-std-e-only-skip-per-neuron,0.080662,0.212535,0.079168,0.210058,0.00050000,2026-04-28T05:13:50Z
26,srnn-e-only-per-neuron,0.969725,0.753849,1.011730,0.767677,0.00050000,2026-04-28T05:17:30Z
26,srnn-e-only-skip-per-neuron,0.080650,0.212513,0.079159,0.210043,0.00050000,2026-04-28T05:17:30Z
26,srnn-sfa-e-only-per-neuron,0.986661,0.761604,1.026716,0.774531,0.00050000,2026-04-28T05:17:30Z
26,srnn-sfa-e-only-skip-per-neuron,0.080813,0.212794,0.079331,0.210347,0.00050000,2026-04-28T05:17:30Z
26,srnn-std-e-only-per-neuron,0.965014,0.755524,1.008763,0.770099,0.00050000,2026-04-28T05:17:30Z
26,srnn-std-e-only-skip-per-neuron,0.080661,0.212531,0.079167,0.210055,0.00050000,2026-04-28T05:17:30Z
27,srnn-e-only-per-neuron,0.967623,0.753047,1.010063,0.767114,0.00050000,2026-04-28T05:21:10Z
27,srnn-e-only-skip-per-neuron,0.080647,0.212509,0.079156,0.210039,0.00050000,2026-04-28T05:21:10Z
27,srnn-sfa-e-only-per-neuron,0.984961,0.760974,1.025075,0.773931,0.00050000,2026-04-28T05:21:10Z
27,srnn-sfa-e-only-skip-per-neuron,0.080803,0.212778,0.079321,0.210330,0.00050000,2026-04-28T05:21:10Z
27,srnn-std-e-only-per-neuron,0.962735,0.754676,1.007008,0.769432,0.00050000,2026-04-28T05:21:10Z
27,srnn-std-e-only-skip-per-neuron,0.080659,0.212528,0.079165,0.210053,0.00050000,2026-04-28T05:21:10Z
28,srnn-e-only-per-neuron,0.965566,0.752251,1.008432,0.766539,0.00050000,2026-04-28T05:24:50Z
28,srnn-e-only-skip-per-neuron,0.080644,0.212504,0.079153,0.210035,0.00050000,2026-04-28T05:24:50Z
28,srnn-sfa-e-only-per-neuron,0.983259,0.760342,1.023378,0.773303,0.00050000,2026-04-28T05:24:50Z
28,srnn-sfa-e-only-skip-per-neuron,0.080795,0.212764,0.079312,0.210315,0.00050000,2026-04-28T05:24:50Z
28,srnn-std-e-only-per-neuron,0.960467,0.753826,1.005237,0.768757,0.00050000,2026-04-28T05:24:50Z
28,srnn-std-e-only-skip-per-neuron,0.080657,0.212525,0.079164,0.210050,0.00050000,2026-04-28T05:24:50Z
29,srnn-e-only-per-neuron,0.963455,0.751428,1.006747,0.765957,0.00050000,2026-04-28T05:28:29Z
29,srnn-e-only-skip-per-neuron,0.080640,0.212498,0.079149,0.210029,0.00050000,2026-04-28T05:28:29Z
29,srnn-sfa-e-only-per-neuron,0.981502,0.759688,1.021701,0.772694,0.00050000,2026-04-28T05:28:29Z
29,srnn-sfa-e-only-skip-per-neuron,0.080787,0.212750,0.079303,0.210299,0.00050000,2026-04-28T05:28:29Z
29,srnn-std-e-only-per-neuron,0.958180,0.752954,1.003541,0.768116,0.00050000,2026-04-28T05:28:29Z
29,srnn-std-e-only-skip-per-neuron,0.080655,0.212522,0.079162,0.210047,0.00050000,2026-04-28T05:28:29Z
30,srnn-e-only-per-neuron,0.961296,0.750635,1.005166,0.765443,0.00050000,2026-04-28T05:32:27Z
30,srnn-e-only-skip-per-neuron,0.080635,0.212491,0.079144,0.210023,0.00050000,2026-04-28T05:32:27Z
30,srnn-sfa-e-only-per-neuron,0.979733,0.759031,1.020109,0.772101,0.00050000,2026-04-28T05:32:27Z
30,srnn-sfa-e-only-skip-per-neuron,0.080779,0.212737,0.079295,0.210285,0.00050000,2026-04-28T05:32:27Z
30,srnn-std-e-only-per-neuron,0.955744,0.752002,1.001718,0.767379,0.00050000,2026-04-28T05:32:27Z
30,srnn-std-e-only-skip-per-neuron,0.080653,0.212519,0.079161,0.210045,0.00050000,2026-04-28T05:32:27Z
31,srnn-e-only-per-neuron,0.959129,0.749813,1.003531,0.764844,0.00050000,2026-04-28T05:36:07Z
31,srnn-e-only-skip-per-neuron,0.080629,0.212482,0.079138,0.210015,0.00050000,2026-04-28T05:36:07Z
31,srnn-sfa-e-only-per-neuron,0.978003,0.758379,1.018601,0.771556,0.00050000,2026-04-28T05:36:07Z
31,srnn-sfa-e-only-skip-per-neuron,0.080772,0.212725,0.079287,0.210271,0.00050000,2026-04-28T05:36:07Z
31,srnn-std-e-only-per-neuron,0.953398,0.751066,0.999959,0.766700,0.00050000,2026-04-28T05:36:07Z
31,srnn-std-e-only-skip-per-neuron,0.080651,0.212516,0.079160,0.210042,0.00050000,2026-04-28T05:36:07Z
32,srnn-e-only-per-neuron,0.956971,0.748973,1.001824,0.764192,0.00050000,2026-04-28T05:39:47Z
32,srnn-e-only-skip-per-neuron,0.080623,0.212471,0.079131,0.210005,0.00050000,2026-04-28T05:39:47Z
32,srnn-sfa-e-only-per-neuron,0.976273,0.757736,1.017130,0.771044,0.00050000,2026-04-28T05:39:47Z
32,srnn-sfa-e-only-skip-per-neuron,0.080765,0.212714,0.079280,0.210259,0.00050000,2026-04-28T05:39:47Z
32,srnn-std-e-only-per-neuron,0.951036,0.750206,0.998359,0.766175,0.00050000,2026-04-28T05:39:47Z
32,srnn-std-e-only-skip-per-neuron,0.080650,0.212513,0.079158,0.210039,0.00050000,2026-04-28T05:39:47Z
33,srnn-e-only-per-neuron,0.954765,0.748106,1.000127,0.763648,0.00050000,2026-04-28T05:43:27Z
33,srnn-e-only-skip-per-neuron,0.080614,0.212459,0.079122,0.209994,0.00050000,2026-04-28T05:43:27Z
33,srnn-sfa-e-only-per-neuron,0.974520,0.757094,1.015662,0.770538,0.00050000,2026-04-28T05:43:27Z
33,srnn-sfa-e-only-skip-per-neuron,0.080759,0.212703,0.079273,0.210247,0.00050000,2026-04-28T05:43:27Z
33,srnn-std-e-only-per-neuron,0.948760,0.749392,0.996713,0.765529,0.00050000,2026-04-28T05:43:27Z
33,srnn-std-e-only-skip-per-neuron,0.080648,0.212509,0.079156,0.210036,0.00050000,2026-04-28T05:43:27Z
34,srnn-e-only-per-neuron,0.952449,0.747278,0.998336,0.763065,0.00050000,2026-04-28T05:47:06Z
34,srnn-e-only-skip-per-neuron,0.080605,0.212444,0.079113,0.209981,0.00050000,2026-04-28T05:47:06Z
34,srnn-sfa-e-only-per-neuron,0.972733,0.756402,1.014189,0.769946,0.00050000,2026-04-28T05:47:06Z
34,srnn-sfa-e-only-skip-per-neuron,0.080753,0.212693,0.079267,0.210236,0.00050000,2026-04-28T05:47:06Z
34,srnn-std-e-only-per-neuron,0.946386,0.748389,0.995148,0.764844,0.00050000,2026-04-28T05:47:06Z
34,srnn-std-e-only-skip-per-neuron,0.080645,0.212506,0.079154,0.210033,0.00050000,2026-04-28T05:47:06Z
35,srnn-e-only-per-neuron,0.950190,0.746426,0.996539,0.762413,0.00050000,2026-04-28T05:50:47Z
35,srnn-e-only-skip-per-neuron,0.080594,0.212427,0.079102,0.209967,0.00050000,2026-04-28T05:50:47Z
35,srnn-sfa-e-only-per-neuron,0.970963,0.755692,1.012804,0.769421,0.00050000,2026-04-28T05:50:47Z
35,srnn-sfa-e-only-skip-per-neuron,0.080748,0.212684,0.079261,0.210226,0.00050000,2026-04-28T05:50:47Z
35,srnn-std-e-only-per-neuron,0.944114,0.747504,0.993944,0.764482,0.00050000,2026-04-28T05:50:47Z
35,srnn-std-e-only-skip-per-neuron,0.080643,0.212501,0.079152,0.210030,0.00050000,2026-04-28T05:50:47Z
36,srnn-e-only-per-neuron,0.947997,0.745573,0.994582,0.761782,0.00050000,2026-04-28T05:54:29Z
36,srnn-e-only-skip-per-neuron,0.080582,0.212408,0.079090,0.209950,0.00050000,2026-04-28T05:54:29Z
36,srnn-sfa-e-only-per-neuron,0.969288,0.755046,1.011462,0.768976,0.00050000,2026-04-28T05:54:29Z
36,srnn-sfa-e-only-skip-per-neuron,0.080743,0.212675,0.079256,0.210217,0.00050000,2026-04-28T05:54:29Z
36,srnn-std-e-only-per-neuron,0.941967,0.746760,0.992621,0.764020,0.00050000,2026-04-28T05:54:29Z
36,srnn-std-e-only-skip-per-neuron,0.080640,0.212497,0.079149,0.210025,0.00050000,2026-04-28T05:54:29Z
37,srnn-e-only-per-neuron,0.945719,0.744788,0.992637,0.761127,0.00050000,2026-04-28T05:58:09Z
37,srnn-e-only-skip-per-neuron,0.080569,0.212387,0.079077,0.209933,0.00050000,2026-04-28T05:58:09Z
37,srnn-sfa-e-only-per-neuron,0.967551,0.754381,1.010092,0.768475,0.00050000,2026-04-28T05:58:09Z
37,srnn-sfa-e-only-skip-per-neuron,0.080738,0.212667,0.079251,0.210208,0.00050000,2026-04-28T05:58:09Z
37,srnn-std-e-only-per-neuron,0.939655,0.745773,0.991126,0.763370,0.00050000,2026-04-28T05:58:09Z
37,srnn-std-e-only-skip-per-neuron,0.080636,0.212491,0.079146,0.210020,0.00050000,2026-04-28T05:58:09Z
38,srnn-e-only-per-neuron,0.943491,0.743978,0.990846,0.760541,0.00050000,2026-04-28T06:01:48Z
38,srnn-e-only-skip-per-neuron,0.080555,0.212365,0.079063,0.209913,0.00050000,2026-04-28T06:01:48Z
38,srnn-sfa-e-only-per-neuron,0.965840,0.753728,1.008759,0.768027,0.00050000,2026-04-28T06:01:48Z
38,srnn-sfa-e-only-skip-per-neuron,0.080734,0.212659,0.079246,0.210199,0.00050000,2026-04-28T06:01:48Z
38,srnn-std-e-only-per-neuron,0.937431,0.744907,0.990126,0.763118,0.00050000,2026-04-28T06:01:48Z
38,srnn-std-e-only-skip-per-neuron,0.080632,0.212485,0.079143,0.210014,0.00050000,2026-04-28T06:01:48Z
39,srnn-e-only-per-neuron,0.941258,0.743127,0.988961,0.759885,0.00050000,2026-04-28T06:05:28Z
39,srnn-e-only-skip-per-neuron,0.080539,0.212339,0.079048,0.209890,0.00050000,2026-04-28T06:05:28Z
39,srnn-sfa-e-only-per-neuron,0.964172,0.753086,1.007532,0.767588,0.00050000,2026-04-28T06:05:28Z
39,srnn-sfa-e-only-skip-per-neuron,0.080730,0.212651,0.079241,0.210191,0.00050000,2026-04-28T06:05:28Z
39,srnn-std-e-only-per-neuron,0.935302,0.744142,0.988681,0.762554,0.00050000,2026-04-28T06:05:28Z
39,srnn-std-e-only-skip-per-neuron,0.080627,0.212476,0.079138,0.210007,0.00050000,2026-04-28T06:05:28Z
40,srnn-e-only-per-neuron,0.939124,0.742316,0.987336,0.759357,0.00050000,2026-04-28T06:09:26Z
40,srnn-e-only-skip-per-neuron,0.080523,0.212312,0.079031,0.209864,0.00050000,2026-04-28T06:09:26Z
40,srnn-sfa-e-only-per-neuron,0.962492,0.752439,1.006390,0.767195,0.00050000,2026-04-28T06:09:26Z
40,srnn-sfa-e-only-skip-per-neuron,0.080726,0.212644,0.079237,0.210184,0.00050000,2026-04-28T06:09:26Z
40,srnn-std-e-only-per-neuron,0.933190,0.743302,0.987513,0.762203,0.00050000,2026-04-28T06:09:26Z
40,srnn-std-e-only-skip-per-neuron,0.080621,0.212467,0.079132,0.209998,0.00050000,2026-04-28T06:09:26Z
41,srnn-e-only-per-neuron,0.936945,0.741602,0.985684,0.758909,0.00050000,2026-04-28T06:13:08Z
41,srnn-e-only-skip-per-neuron,0.080503,0.212280,0.079012,0.209837,0.00050000,2026-04-28T06:13:08Z
41,srnn-sfa-e-only-per-neuron,0.960796,0.751780,1.005356,0.766819,0.00050000,2026-04-28T06:13:08Z
41,srnn-sfa-e-only-skip-per-neuron,0.080722,0.212638,0.079233,0.210177,0.00050000,2026-04-28T06:13:08Z
41,srnn-std-e-only-per-neuron,0.931093,0.742501,0.986423,0.761822,0.00050000,2026-04-28T06:13:08Z
41,srnn-std-e-only-skip-per-neuron,0.080614,0.212456,0.079125,0.209988,0.00050000,2026-04-28T06:13:08Z
42,srnn-e-only-per-neuron,0.934808,0.740797,0.984168,0.758335,0.00050000,2026-04-28T06:16:48Z
42,srnn-e-only-skip-per-neuron,0.080483,0.212247,0.078991,0.209802,0.00050000,2026-04-28T06:16:48Z
42,srnn-sfa-e-only-per-neuron,0.959087,0.751140,1.004264,0.766465,0.00050000,2026-04-28T06:16:48Z
42,srnn-sfa-e-only-skip-per-neuron,0.080718,0.212632,0.079229,0.210170,0.00050000,2026-04-28T06:16:48Z
42,srnn-std-e-only-per-neuron,0.929094,0.741703,0.985283,0.761418,0.00050000,2026-04-28T06:16:48Z
42,srnn-std-e-only-skip-per-neuron,0.080606,0.212443,0.079117,0.209975,0.00050000,2026-04-28T06:16:48Z
43,srnn-e-only-per-neuron,0.932730,0.740024,0.982644,0.757949,0.00050000,2026-04-28T06:20:29Z
43,srnn-e-only-skip-per-neuron,0.080459,0.212207,0.078966,0.209763,0.00050000,2026-04-28T06:20:29Z
43,srnn-sfa-e-only-per-neuron,0.957426,0.750519,1.003180,0.766132,0.00050000,2026-04-28T06:20:29Z
43,srnn-sfa-e-only-skip-per-neuron,0.080715,0.212626,0.079225,0.210164,0.00050000,2026-04-28T06:20:29Z
43,srnn-std-e-only-per-neuron,0.927147,0.740959,0.984490,0.761209,0.00050000,2026-04-28T06:20:29Z
43,srnn-std-e-only-skip-per-neuron,0.080597,0.212428,0.079107,0.209962,0.00050000,2026-04-28T06:20:29Z
44,srnn-e-only-per-neuron,0.930654,0.739342,0.981332,0.757570,0.00050000,2026-04-28T06:24:09Z
44,srnn-e-only-skip-per-neuron,0.080433,0.212166,0.078938,0.209720,0.00050000,2026-04-28T06:24:09Z
44,srnn-sfa-e-only-per-neuron,0.955765,0.749882,1.002197,0.765778,0.00050000,2026-04-28T06:24:09Z
44,srnn-sfa-e-only-skip-per-neuron,0.080712,0.212620,0.079222,0.210157,0.00050000,2026-04-28T06:24:09Z
44,srnn-std-e-only-per-neuron,0.925221,0.740213,0.983464,0.760816,0.00050000,2026-04-28T06:24:09Z
44,srnn-std-e-only-skip-per-neuron,0.080586,0.212411,0.079097,0.209947,0.00050000,2026-04-28T06:24:09Z
45,srnn-e-only-per-neuron,0.928599,0.738553,0.979997,0.757150,0.00050000,2026-04-28T06:27:49Z
45,srnn-e-only-skip-per-neuron,0.080405,0.212121,0.078908,0.209671,0.00050000,2026-04-28T06:27:49Z
45,srnn-sfa-e-only-per-neuron,0.954072,0.749235,1.001214,0.765492,0.00050000,2026-04-28T06:27:49Z
45,srnn-sfa-e-only-skip-per-neuron,0.080709,0.212615,0.079218,0.210152,0.00050000,2026-04-28T06:27:49Z
45,srnn-std-e-only-per-neuron,0.923280,0.739464,0.982476,0.760524,0.00050000,2026-04-28T06:27:49Z
45,srnn-std-e-only-skip-per-neuron,0.080575,0.212393,0.079086,0.209931,0.00050000,2026-04-28T06:27:49Z
46,srnn-e-only-per-neuron,0.926571,0.737834,0.978674,0.756755,0.00050000,2026-04-28T06:31:29Z
46,srnn-e-only-skip-per-neuron,0.080374,0.212072,0.078874,0.209619,0.00050000,2026-04-28T06:31:29Z
46,srnn-sfa-e-only-per-neuron,0.952375,0.748611,1.000078,0.765120,0.00050000,2026-04-28T06:31:29Z
46,srnn-sfa-e-only-skip-per-neuron,0.080706,0.212610,0.079215,0.210147,0.00050000,2026-04-28T06:31:29Z
46,srnn-std-e-only-per-neuron,0.921468,0.738792,0.981376,0.760146,0.00050000,2026-04-28T06:31:29Z
46,srnn-std-e-only-skip-per-neuron,0.080562,0.212373,0.079074,0.209914,0.00050000,2026-04-28T06:31:29Z
47,srnn-e-only-per-neuron,0.924573,0.737095,0.977497,0.756406,0.00050000,2026-04-28T06:35:10Z
47,srnn-e-only-skip-per-neuron,0.080342,0.212022,0.078840,0.209570,0.00050000,2026-04-28T06:35:10Z
47,srnn-sfa-e-only-per-neuron,0.950781,0.748003,0.998971,0.764762,0.00050000,2026-04-28T06:35:10Z
47,srnn-sfa-e-only-skip-per-neuron,0.080704,0.212605,0.079213,0.210141,0.00050000,2026-04-28T06:35:10Z
47,srnn-std-e-only-per-neuron,0.919661,0.738062,0.980050,0.759602,0.00050000,2026-04-28T06:35:10Z
47,srnn-std-e-only-skip-per-neuron,0.080549,0.212352,0.079061,0.209895,0.00050000,2026-04-28T06:35:10Z
48,srnn-e-only-per-neuron,0.922590,0.736440,0.976340,0.756092,0.00050000,2026-04-28T06:38:50Z
48,srnn-e-only-skip-per-neuron,0.080308,0.211969,0.078805,0.209516,0.00050000,2026-04-28T06:38:50Z
48,srnn-sfa-e-only-per-neuron,0.949088,0.747359,0.997870,0.764424,0.00050000,2026-04-28T06:38:50Z
48,srnn-sfa-e-only-skip-per-neuron,0.080701,0.212601,0.079210,0.210137,0.00050000,2026-04-28T06:38:50Z
48,srnn-std-e-only-per-neuron,0.917838,0.737388,0.979758,0.759704,0.00050000,2026-04-28T06:38:50Z
48,srnn-std-e-only-skip-per-neuron,0.080535,0.212329,0.079047,0.209875,0.00050000,2026-04-28T06:38:50Z
49,srnn-e-only-per-neuron,0.920567,0.735701,0.974999,0.755641,0.00050000,2026-04-28T06:42:30Z
49,srnn-e-only-skip-per-neuron,0.080272,0.211913,0.078769,0.209464,0.00050000,2026-04-28T06:42:30Z
49,srnn-sfa-e-only-per-neuron,0.947363,0.746701,0.996839,0.764098,0.00050000,2026-04-28T06:42:30Z
49,srnn-sfa-e-only-skip-per-neuron,0.080699,0.212596,0.079207,0.210132,0.00050000,2026-04-28T06:42:30Z
49,srnn-std-e-only-per-neuron,0.916063,0.736759,0.978308,0.758969,0.00050000,2026-04-28T06:42:30Z
49,srnn-std-e-only-skip-per-neuron,0.080519,0.212304,0.079031,0.209853,0.00050000,2026-04-28T06:42:30Z
50,srnn-e-only-per-neuron,0.918655,0.734979,0.973673,0.755162,0.00050000,2026-04-28T06:46:28Z
50,srnn-e-only-skip-per-neuron,0.080233,0.211855,0.078732,0.209407,0.00050000,2026-04-28T06:46:28Z
50,srnn-sfa-e-only-per-neuron,0.945733,0.746097,0.995790,0.763791,0.00050000,2026-04-28T06:46:28Z
50,srnn-sfa-e-only-skip-per-neuron,0.080696,0.212592,0.079205,0.210128,0.00050000,2026-04-28T06:46:28Z
50,srnn-std-e-only-per-neuron,0.914310,0.735977,0.977824,0.758870,0.00050000,2026-04-28T06:46:28Z
50,srnn-std-e-only-skip-per-neuron,0.080503,0.212278,0.079015,0.209828,0.00050000,2026-04-28T06:46:28Z
51,srnn-e-only-per-neuron,0.916661,0.734288,0.972402,0.754805,0.00050000,2026-04-28T06:50:08Z
51,srnn-e-only-skip-per-neuron,0.080193,0.211790,0.078694,0.209347,0.00050000,2026-04-28T06:50:08Z
51,srnn-sfa-e-only-per-neuron,0.944102,0.745523,0.994595,0.763436,0.00050000,2026-04-28T06:50:08Z
51,srnn-sfa-e-only-skip-per-neuron,0.080694,0.212588,0.079202,0.210123,0.00050000,2026-04-28T06:50:08Z
51,srnn-std-e-only-per-neuron,0.912618,0.735371,0.976846,0.758445,0.00050000,2026-04-28T06:50:08Z
51,srnn-std-e-only-skip-per-neuron,0.080486,0.212251,0.078997,0.209802,0.00050000,2026-04-28T06:50:08Z
52,srnn-e-only-per-neuron,0.914807,0.733632,0.971322,0.754434,0.00050000,2026-04-28T06:53:48Z
52,srnn-e-only-skip-per-neuron,0.080149,0.211722,0.078654,0.209285,0.00050000,2026-04-28T06:53:48Z
52,srnn-sfa-e-only-per-neuron,0.942507,0.744921,0.993484,0.763068,0.00050000,2026-04-28T06:53:48Z
52,srnn-sfa-e-only-skip-per-neuron,0.080692,0.212585,0.079200,0.210120,0.00050000,2026-04-28T06:53:48Z
52,srnn-std-e-only-per-neuron,0.910937,0.734704,0.975971,0.758215,0.00050000,2026-04-28T06:53:48Z
52,srnn-std-e-only-skip-per-neuron,0.080468,0.212221,0.078977,0.209772,0.00050000,2026-04-28T06:53:48Z
53,srnn-e-only-per-neuron,0.912844,0.732930,0.969953,0.754029,0.00050000,2026-04-28T06:57:31Z
53,srnn-e-only-skip-per-neuron,0.080103,0.211650,0.078613,0.209221,0.00050000,2026-04-28T06:57:31Z
53,srnn-sfa-e-only-per-neuron,0.940861,0.744266,0.992436,0.762697,0.00050000,2026-04-28T06:57:31Z
53,srnn-sfa-e-only-skip-per-neuron,0.080690,0.212581,0.079198,0.210116,0.00050000,2026-04-28T06:57:31Z
53,srnn-std-e-only-per-neuron,0.909311,0.734109,0.975122,0.757842,0.00050000,2026-04-28T06:57:31Z
53,srnn-std-e-only-skip-per-neuron,0.080448,0.212190,0.078956,0.209740,0.00050000,2026-04-28T06:57:31Z
54,srnn-e-only-per-neuron,0.910922,0.732280,0.968971,0.753693,0.00050000,2026-04-28T07:01:12Z
54,srnn-e-only-skip-per-neuron,0.080053,0.211574,0.078568,0.209154,0.00050000,2026-04-28T07:01:12Z
54,srnn-sfa-e-only-per-neuron,0.939080,0.743636,0.991405,0.762418,0.00050000,2026-04-28T07:01:12Z
54,srnn-sfa-e-only-skip-per-neuron,0.080688,0.212578,0.079196,0.210112,0.00050000,2026-04-28T07:01:12Z
54,srnn-std-e-only-per-neuron,0.907673,0.733444,0.974217,0.757570,0.00050000,2026-04-28T07:01:12Z
54,srnn-std-e-only-skip-per-neuron,0.080427,0.212155,0.078934,0.209707,0.00050000,2026-04-28T07:01:12Z
55,srnn-e-only-per-neuron,0.908983,0.731528,0.967683,0.753258,0.00050000,2026-04-28T07:04:54Z
55,srnn-e-only-skip-per-neuron,0.080001,0.211497,0.078522,0.209085,0.00050000,2026-04-28T07:04:54Z
55,srnn-sfa-e-only-per-neuron,0.937521,0.743102,0.990446,0.762100,0.00050000,2026-04-28T07:04:54Z
55,srnn-sfa-e-only-skip-per-neuron,0.080686,0.212575,0.079194,0.210109,0.00050000,2026-04-28T07:04:54Z
55,srnn-std-e-only-per-neuron,0.906179,0.732871,0.973505,0.757293,0.00050000,2026-04-28T07:04:54Z
55,srnn-std-e-only-skip-per-neuron,0.080404,0.212119,0.078910,0.209669,0.00050000,2026-04-28T07:04:54Z
56,srnn-e-only-per-neuron,0.907091,0.730893,0.966349,0.752788,0.00050000,2026-04-28T07:08:34Z
56,srnn-e-only-skip-per-neuron,0.079948,0.211416,0.078474,0.209013,0.00050000,2026-04-28T07:08:34Z
56,srnn-sfa-e-only-per-neuron,0.935914,0.742444,0.989556,0.761844,0.00050000,2026-04-28T07:08:34Z
56,srnn-sfa-e-only-skip-per-neuron,0.080684,0.212572,0.079192,0.210106,0.00050000,2026-04-28T07:08:34Z
56,srnn-std-e-only-per-neuron,0.904660,0.732258,0.972254,0.756743,0.00050000,2026-04-28T07:08:34Z
56,srnn-std-e-only-skip-per-neuron,0.080379,0.212079,0.078883,0.209629,0.00050000,2026-04-28T07:08:34Z
57,srnn-e-only-per-neuron,0.905109,0.730149,0.965194,0.752417,0.00050000,2026-04-28T07:12:15Z
57,srnn-e-only-skip-per-neuron,0.079893,0.211332,0.078424,0.208938,0.00050000,2026-04-28T07:12:15Z
57,srnn-sfa-e-only-per-neuron,0.934357,0.741967,0.988919,0.761746,0.00050000,2026-04-28T07:12:15Z
57,srnn-sfa-e-only-skip-per-neuron,0.080683,0.212569,0.079190,0.210103,0.00050000,2026-04-28T07:12:15Z
57,srnn-std-e-only-per-neuron,0.903178,0.731622,0.972172,0.756904,0.00050000,2026-04-28T07:12:15Z
57,srnn-std-e-only-skip-per-neuron,0.080352,0.212035,0.078855,0.209587,0.00050000,2026-04-28T07:12:15Z
58,srnn-e-only-per-neuron,0.903215,0.729476,0.963739,0.751913,0.00050000,2026-04-28T07:15:55Z
58,srnn-e-only-skip-per-neuron,0.079836,0.211247,0.078372,0.208862,0.00050000,2026-04-28T07:15:55Z
58,srnn-sfa-e-only-per-neuron,0.932759,0.741355,0.988044,0.761401,0.00050000,2026-04-28T07:15:55Z
58,srnn-sfa-e-only-skip-per-neuron,0.080681,0.212566,0.079188,0.210099,0.00050000,2026-04-28T07:15:55Z
58,srnn-std-e-only-per-neuron,0.901729,0.731166,0.970952,0.756394,0.00050000,2026-04-28T07:15:55Z
58,srnn-std-e-only-skip-per-neuron,0.080320,0.211988,0.078823,0.209541,0.00050000,2026-04-28T07:15:55Z
59,srnn-e-only-per-neuron,0.901354,0.728755,0.962331,0.751420,0.00050000,2026-04-28T07:19:35Z
59,srnn-e-only-skip-per-neuron,0.079776,0.211158,0.078319,0.208784,0.00050000,2026-04-28T07:19:35Z
59,srnn-sfa-e-only-per-neuron,0.931214,0.740821,0.987197,0.761262,0.00050000,2026-04-28T07:19:35Z
59,srnn-sfa-e-only-skip-per-neuron,0.080680,0.212563,0.079187,0.210096,0.00050000,2026-04-28T07:19:35Z
59,srnn-std-e-only-per-neuron,0.900242,0.730493,0.970452,0.756268,0.00050000,2026-04-28T07:19:35Z
59,srnn-std-e-only-skip-per-neuron,0.080287,0.211935,0.078788,0.209489,0.00050000,2026-04-28T07:19:35Z
60,srnn-e-only-per-neuron,0.899499,0.728159,0.960951,0.750847,0.00050000,2026-04-28T07:23:33Z
60,srnn-e-only-skip-per-neuron,0.079715,0.211064,0.078264,0.208702,0.00050000,2026-04-28T07:23:33Z
60,srnn-sfa-e-only-per-neuron,0.929615,0.740239,0.986408,0.760949,0.00050000,2026-04-28T07:23:33Z
60,srnn-sfa-e-only-skip-per-neuron,0.080678,0.212561,0.079185,0.210094,0.00050000,2026-04-28T07:23:33Z
60,srnn-std-e-only-per-neuron,0.898855,0.729993,0.969413,0.755874,0.00050000,2026-04-28T07:23:33Z
60,srnn-std-e-only-skip-per-neuron,0.080248,0.211875,0.078750,0.209435,0.00050000,2026-04-28T07:23:33Z
61,srnn-e-only-per-neuron,0.897589,0.727380,0.959603,0.750416,0.00050000,2026-04-28T07:27:13Z
61,srnn-e-only-skip-per-neuron,0.079652,0.210969,0.078209,0.208622,0.00050000,2026-04-28T07:27:13Z
61,srnn-sfa-e-only-per-neuron,0.927881,0.739547,0.985601,0.760705,0.00050000,2026-04-28T07:27:13Z
61,srnn-sfa-e-only-skip-per-neuron,0.080677,0.212558,0.079183,0.210091,0.00050000,2026-04-28T07:27:13Z
61,srnn-std-e-only-per-neuron,0.897341,0.729401,0.968810,0.755598,0.00050000,2026-04-28T07:27:13Z
61,srnn-std-e-only-skip-per-neuron,0.080205,0.211809,0.078708,0.209375,0.00050000,2026-04-28T07:27:13Z
62,srnn-e-only-per-neuron,0.895912,0.726783,0.958344,0.749973,0.00050000,2026-04-28T07:30:53Z
62,srnn-e-only-skip-per-neuron,0.079587,0.210870,0.078152,0.208541,0.00050000,2026-04-28T07:30:53Z
62,srnn-sfa-e-only-per-neuron,0.926459,0.739117,0.984851,0.760456,0.00050000,2026-04-28T07:30:53Z
62,srnn-sfa-e-only-skip-per-neuron,0.080675,0.212556,0.079182,0.210088,0.00050000,2026-04-28T07:30:53Z
62,srnn-std-e-only-per-neuron,0.896071,0.728846,0.968385,0.755548,0.00050000,2026-04-28T07:30:53Z
62,srnn-std-e-only-skip-per-neuron,0.080157,0.211734,0.078665,0.209313,0.00050000,2026-04-28T07:30:53Z
63,srnn-e-only-per-neuron,0.894088,0.726174,0.957089,0.749613,0.00050000,2026-04-28T07:34:36Z
63,srnn-e-only-skip-per-neuron,0.079520,0.210769,0.078094,0.208456,0.00050000,2026-04-28T07:34:36Z
63,srnn-sfa-e-only-per-neuron,0.924766,0.738436,0.984217,0.760357,0.00050000,2026-04-28T07:34:36Z
63,srnn-sfa-e-only-skip-per-neuron,0.080674,0.212553,0.079180,0.210086,0.00050000,2026-04-28T07:34:36Z
63,srnn-std-e-only-per-neuron,0.894686,0.728352,0.967666,0.755266,0.00050000,2026-04-28T07:34:36Z
63,srnn-std-e-only-skip-per-neuron,0.080105,0.211654,0.078619,0.209249,0.00050000,2026-04-28T07:34:36Z
64,srnn-e-only-per-neuron,0.892368,0.725464,0.955821,0.749026,0.00050000,2026-04-28T07:38:16Z
64,srnn-e-only-skip-per-neuron,0.079451,0.210664,0.078035,0.208369,0.00050000,2026-04-28T07:38:16Z
64,srnn-sfa-e-only-per-neuron,0.923210,0.737988,0.983475,0.760141,0.00050000,2026-04-28T07:38:16Z
64,srnn-sfa-e-only-skip-per-neuron,0.080672,0.212551,0.079179,0.210083,0.00050000,2026-04-28T07:38:16Z
64,srnn-std-e-only-per-neuron,0.893361,0.727829,0.967862,0.755456,0.00050000,2026-04-28T07:38:16Z
64,srnn-std-e-only-skip-per-neuron,0.080051,0.211570,0.078571,0.209181,0.00050000,2026-04-28T07:38:16Z
65,srnn-e-only-per-neuron,0.890628,0.724805,0.954469,0.748723,0.00050000,2026-04-28T07:41:56Z
65,srnn-e-only-skip-per-neuron,0.079379,0.210557,0.077974,0.208282,0.00050000,2026-04-28T07:41:56Z
65,srnn-sfa-e-only-per-neuron,0.921755,0.737422,0.982947,0.759935,0.00050000,2026-04-28T07:41:56Z
65,srnn-sfa-e-only-skip-per-neuron,0.080671,0.212549,0.079177,0.210081,0.00050000,2026-04-28T07:41:56Z
65,srnn-std-e-only-per-neuron,0.892053,0.727260,0.966928,0.755077,0.00050000,2026-04-28T07:41:56Z
65,srnn-std-e-only-skip-per-neuron,0.079995,0.211482,0.078519,0.209103,0.00050000,2026-04-28T07:41:56Z
66,srnn-e-only-per-neuron,0.888883,0.724231,0.953544,0.748342,0.00050000,2026-04-28T07:45:37Z
66,srnn-e-only-skip-per-neuron,0.079307,0.210445,0.077914,0.208193,0.00050000,2026-04-28T07:45:37Z
66,srnn-sfa-e-only-per-neuron,0.920148,0.736841,0.982288,0.759790,0.00050000,2026-04-28T07:45:37Z
66,srnn-sfa-e-only-skip-per-neuron,0.080670,0.212547,0.079176,0.210078,0.00050000,2026-04-28T07:45:37Z
66,srnn-std-e-only-per-neuron,0.890767,0.726780,0.966572,0.755038,0.00050000,2026-04-28T07:45:37Z
66,srnn-std-e-only-skip-per-neuron,0.079936,0.211390,0.078464,0.209025,0.00050000,2026-04-28T07:45:37Z
67,srnn-e-only-per-neuron,0.887236,0.723559,0.952312,0.747926,0.00050000,2026-04-28T07:49:20Z
67,srnn-e-only-skip-per-neuron,0.079234,0.210335,0.077854,0.208106,0.00050000,2026-04-28T07:49:20Z
67,srnn-sfa-e-only-per-neuron,0.918704,0.736337,0.981456,0.759414,0.00050000,2026-04-28T07:49:20Z
67,srnn-sfa-e-only-skip-per-neuron,0.080668,0.212544,0.079174,0.210076,0.00050000,2026-04-28T07:49:20Z
67,srnn-std-e-only-per-neuron,0.889545,0.726325,0.966023,0.754785,0.00050000,2026-04-28T07:49:20Z
67,srnn-std-e-only-skip-per-neuron,0.079875,0.211298,0.078407,0.208943,0.00050000,2026-04-28T07:49:20Z
68,srnn-e-only-per-neuron,0.885553,0.722967,0.951337,0.747659,0.00050000,2026-04-28T07:52:59Z
68,srnn-e-only-skip-per-neuron,0.079159,0.210224,0.077794,0.208020,0.00050000,2026-04-28T07:52:59Z
68,srnn-sfa-e-only-per-neuron,0.917257,0.735836,0.980699,0.759305,0.00050000,2026-04-28T07:52:59Z
68,srnn-sfa-e-only-skip-per-neuron,0.080667,0.212542,0.079173,0.210074,0.00050000,2026-04-28T07:52:59Z
68,srnn-std-e-only-per-neuron,0.888362,0.725806,0.965798,0.754748,0.00050000,2026-04-28T07:52:59Z
68,srnn-std-e-only-skip-per-neuron,0.079812,0.211202,0.078350,0.208857,0.00050000,2026-04-28T07:52:59Z
69,srnn-e-only-per-neuron,0.884012,0.722422,0.950508,0.747249,0.00050000,2026-04-28T07:56:40Z
69,srnn-e-only-skip-per-neuron,0.079084,0.210110,0.077735,0.207935,0.00050000,2026-04-28T07:56:40Z
69,srnn-sfa-e-only-per-neuron,0.915817,0.735318,0.980422,0.759228,0.00050000,2026-04-28T07:56:40Z
69,srnn-sfa-e-only-skip-per-neuron,0.080666,0.212540,0.079171,0.210071,0.00050000,2026-04-28T07:56:40Z
69,srnn-std-e-only-per-neuron,0.887189,0.725365,0.965385,0.754631,0.00050000,2026-04-28T07:56:40Z
69,srnn-std-e-only-skip-per-neuron,0.079748,0.211106,0.078292,0.208770,0.00050000,2026-04-28T07:56:40Z
70,srnn-e-only-per-neuron,0.882484,0.721816,0.949358,0.747047,0.00050000,2026-04-28T08:00:37Z
70,srnn-e-only-skip-per-neuron,0.079007,0.209994,0.077675,0.207848,0.00050000,2026-04-28T08:00:37Z
70,srnn-sfa-e-only-per-neuron,0.914338,0.734771,0.980021,0.759206,0.00050000,2026-04-28T08:00:37Z
70,srnn-sfa-e-only-skip-per-neuron,0.080664,0.212538,0.079170,0.210069,0.00050000,2026-04-28T08:00:37Z
70,srnn-std-e-only-per-neuron,0.885996,0.724866,0.965207,0.754658,0.00050000,2026-04-28T08:00:37Z
70,srnn-std-e-only-skip-per-neuron,0.079683,0.211007,0.078235,0.208684,0.00050000,2026-04-28T08:00:37Z
71,srnn-e-only-per-neuron,0.880930,0.721329,0.948730,0.746667,0.00050000,2026-04-28T08:04:18Z
71,srnn-e-only-skip-per-neuron,0.078930,0.209880,0.077615,0.207763,0.00050000,2026-04-28T08:04:18Z
71,srnn-sfa-e-only-per-neuron,0.912791,0.734234,0.979153,0.758988,0.00050000,2026-04-28T08:04:18Z
71,srnn-sfa-e-only-skip-per-neuron,0.080663,0.212535,0.079169,0.210066,0.00050000,2026-04-28T08:04:18Z
71,srnn-std-e-only-per-neuron,0.884874,0.724460,0.964735,0.754362,0.00050000,2026-04-28T08:04:18Z
71,srnn-std-e-only-skip-per-neuron,0.079618,0.210909,0.078177,0.208597,0.00050000,2026-04-28T08:04:18Z
72,srnn-e-only-per-neuron,0.879350,0.720634,0.947520,0.746308,0.00050000,2026-04-28T08:07:58Z
72,srnn-e-only-skip-per-neuron,0.078851,0.209761,0.077553,0.207675,0.00050000,2026-04-28T08:07:58Z
72,srnn-sfa-e-only-per-neuron,0.911294,0.733678,0.978661,0.758776,0.00050000,2026-04-28T08:07:58Z
72,srnn-sfa-e-only-skip-per-neuron,0.080662,0.212533,0.079167,0.210064,0.00050000,2026-04-28T08:07:58Z
72,srnn-std-e-only-per-neuron,0.883751,0.723966,0.964573,0.754475,0.00050000,2026-04-28T08:07:58Z
72,srnn-std-e-only-skip-per-neuron,0.079552,0.210810,0.078121,0.208513,0.00050000,2026-04-28T08:07:58Z
73,srnn-e-only-per-neuron,0.877796,0.720086,0.946698,0.746118,0.00050000,2026-04-28T08:11:41Z
73,srnn-e-only-skip-per-neuron,0.078771,0.209640,0.077490,0.207582,0.00050000,2026-04-28T08:11:41Z
73,srnn-sfa-e-only-per-neuron,0.909961,0.733223,0.977687,0.758444,0.00050000,2026-04-28T08:11:41Z
73,srnn-sfa-e-only-skip-per-neuron,0.080660,0.212531,0.079166,0.210062,0.00050000,2026-04-28T08:11:41Z
73,srnn-std-e-only-per-neuron,0.882630,0.723567,0.964241,0.754295,0.00050000,2026-04-28T08:11:41Z
73,srnn-std-e-only-skip-per-neuron,0.079486,0.210711,0.078065,0.208429,0.00050000,2026-04-28T08:11:41Z
74,srnn-e-only-per-neuron,0.876280,0.719504,0.945717,0.745724,0.00050000,2026-04-28T08:15:21Z
74,srnn-e-only-skip-per-neuron,0.078689,0.209516,0.077424,0.207488,0.00050000,2026-04-28T08:15:21Z
74,srnn-sfa-e-only-per-neuron,0.908467,0.732671,0.976965,0.758234,0.00050000,2026-04-28T08:15:21Z
74,srnn-sfa-e-only-skip-per-neuron,0.080659,0.212529,0.079164,0.210060,0.00050000,2026-04-28T08:15:21Z
74,srnn-std-e-only-per-neuron,0.881499,0.723115,0.963938,0.754188,0.00050000,2026-04-28T08:15:21Z
74,srnn-std-e-only-skip-per-neuron,0.079420,0.210612,0.078009,0.208348,0.00050000,2026-04-28T08:15:21Z
75,srnn-e-only-per-neuron,0.874971,0.719028,0.944844,0.745623,0.00050000,2026-04-28T08:19:01Z
75,srnn-e-only-skip-per-neuron,0.078605,0.209391,0.077359,0.207395,0.00050000,2026-04-28T08:19:01Z
75,srnn-sfa-e-only-per-neuron,0.907115,0.732193,0.975800,0.757774,0.00050000,2026-04-28T08:19:01Z
75,srnn-sfa-e-only-skip-per-neuron,0.080658,0.212526,0.079163,0.210058,0.00050000,2026-04-28T08:19:01Z
75,srnn-std-e-only-per-neuron,0.880528,0.722708,0.963710,0.754198,0.00050000,2026-04-28T08:19:01Z
75,srnn-std-e-only-skip-per-neuron,0.079355,0.210514,0.077954,0.208268,0.00050000,2026-04-28T08:19:01Z
76,srnn-e-only-per-neuron,0.873589,0.718551,0.943876,0.745179,0.00050000,2026-04-28T08:22:41Z
76,srnn-e-only-skip-per-neuron,0.078520,0.209265,0.077293,0.207301,0.00050000,2026-04-28T08:22:41Z
76,srnn-sfa-e-only-per-neuron,0.905622,0.731656,0.975461,0.757705,0.00050000,2026-04-28T08:22:41Z
76,srnn-sfa-e-only-skip-per-neuron,0.080656,0.212524,0.079162,0.210055,0.00050000,2026-04-28T08:22:41Z
76,srnn-std-e-only-per-neuron,0.879409,0.722280,0.963101,0.753883,0.00050000,2026-04-28T08:22:41Z
76,srnn-std-e-only-skip-per-neuron,0.079289,0.210416,0.077901,0.208191,0.00050000,2026-04-28T08:22:41Z
77,srnn-e-only-per-neuron,0.872173,0.717934,0.942678,0.744817,0.00050000,2026-04-28T08:26:21Z
77,srnn-e-only-skip-per-neuron,0.078434,0.209138,0.077224,0.207201,0.00050000,2026-04-28T08:26:21Z
77,srnn-sfa-e-only-per-neuron,0.904292,0.731140,0.974787,0.757539,0.00050000,2026-04-28T08:26:21Z
77,srnn-sfa-e-only-skip-per-neuron,0.080655,0.212522,0.079160,0.210053,0.00050000,2026-04-28T08:26:21Z
77,srnn-std-e-only-per-neuron,0.878338,0.721836,0.962694,0.753853,0.00050000,2026-04-28T08:26:21Z
77,srnn-std-e-only-skip-per-neuron,0.079223,0.210319,0.077849,0.208116,0.00050000,2026-04-28T08:26:21Z
78,srnn-e-only-per-neuron,0.870842,0.717467,0.941723,0.744550,0.00050000,2026-04-28T08:30:01Z
78,srnn-e-only-skip-per-neuron,0.078347,0.209006,0.077155,0.207099,0.00050000,2026-04-28T08:30:01Z
78,srnn-sfa-e-only-per-neuron,0.902948,0.730674,0.974218,0.757368,0.00050000,2026-04-28T08:30:01Z
78,srnn-sfa-e-only-skip-per-neuron,0.080653,0.212519,0.079159,0.210051,0.00050000,2026-04-28T08:30:01Z
78,srnn-std-e-only-per-neuron,0.877258,0.721398,0.962193,0.753678,0.00050000,2026-04-28T08:30:01Z
78,srnn-std-e-only-skip-per-neuron,0.079157,0.210218,0.077796,0.208037,0.00050000,2026-04-28T08:30:01Z
79,srnn-e-only-per-neuron,0.869548,0.716999,0.940940,0.744219,0.00050000,2026-04-28T08:33:42Z
79,srnn-e-only-skip-per-neuron,0.078259,0.208875,0.077085,0.207000,0.00050000,2026-04-28T08:33:42Z
79,srnn-sfa-e-only-per-neuron,0.901618,0.730219,0.973547,0.757165,0.00050000,2026-04-28T08:33:42Z
79,srnn-sfa-e-only-skip-per-neuron,0.080652,0.212517,0.079157,0.210049,0.00050000,2026-04-28T08:33:42Z
79,srnn-std-e-only-per-neuron,0.876269,0.721015,0.961618,0.753435,0.00050000,2026-04-28T08:33:42Z
79,srnn-std-e-only-skip-per-neuron,0.079090,0.210119,0.077745,0.207965,0.00050000,2026-04-28T08:33:42Z
80,srnn-e-only-per-neuron,0.868140,0.716388,0.940015,0.743969,0.00050000,2026-04-28T08:37:39Z
80,srnn-e-only-skip-per-neuron,0.078171,0.208744,0.077016,0.206899,0.00050000,2026-04-28T08:37:39Z
80,srnn-sfa-e-only-per-neuron,0.900219,0.729697,0.972818,0.756972,0.00050000,2026-04-28T08:37:39Z
80,srnn-sfa-e-only-skip-per-neuron,0.080650,0.212515,0.079156,0.210047,0.00050000,2026-04-28T08:37:39Z
80,srnn-std-e-only-per-neuron,0.875296,0.720633,0.960858,0.753229,0.00050000,2026-04-28T08:37:39Z
80,srnn-std-e-only-skip-per-neuron,0.079022,0.210018,0.077695,0.207892,0.00050000,2026-04-28T08:37:39Z
81,srnn-e-only-per-neuron,0.866856,0.715948,0.938986,0.743611,0.00050000,2026-04-28T08:41:21Z
81,srnn-e-only-skip-per-neuron,0.078082,0.208611,0.076946,0.206801,0.00050000,2026-04-28T08:41:21Z
81,srnn-sfa-e-only-per-neuron,0.898918,0.729256,0.971988,0.756523,0.00050000,2026-04-28T08:41:21Z
81,srnn-sfa-e-only-skip-per-neuron,0.080649,0.212512,0.079154,0.210044,0.00050000,2026-04-28T08:41:21Z
81,srnn-std-e-only-per-neuron,0.874305,0.720233,0.959767,0.752779,0.00050000,2026-04-28T08:41:21Z
81,srnn-std-e-only-skip-per-neuron,0.078954,0.209915,0.077644,0.207817,0.00050000,2026-04-28T08:41:21Z
82,srnn-e-only-per-neuron,0.865639,0.715503,0.938038,0.743232,0.00050000,2026-04-28T08:45:02Z
82,srnn-e-only-skip-per-neuron,0.077993,0.208481,0.076874,0.206697,0.00050000,2026-04-28T08:45:02Z
82,srnn-sfa-e-only-per-neuron,0.897470,0.728626,0.971423,0.756532,0.00050000,2026-04-28T08:45:02Z
82,srnn-sfa-e-only-skip-per-neuron,0.080647,0.212509,0.079153,0.210042,0.00050000,2026-04-28T08:45:02Z
82,srnn-std-e-only-per-neuron,0.873370,0.719868,0.959309,0.752672,0.00050000,2026-04-28T08:45:02Z
82,srnn-std-e-only-skip-per-neuron,0.078883,0.209810,0.077592,0.207741,0.00050000,2026-04-28T08:45:02Z
83,srnn-e-only-per-neuron,0.864347,0.714942,0.937513,0.743143,0.00050000,2026-04-28T08:48:42Z
83,srnn-e-only-skip-per-neuron,0.077905,0.208350,0.076802,0.206591,0.00050000,2026-04-28T08:48:42Z
83,srnn-sfa-e-only-per-neuron,0.896150,0.728212,0.970490,0.756061,0.00050000,2026-04-28T08:48:42Z
83,srnn-sfa-e-only-skip-per-neuron,0.080646,0.212507,0.079151,0.210039,0.00050000,2026-04-28T08:48:42Z
83,srnn-std-e-only-per-neuron,0.872358,0.719454,0.959251,0.752693,0.00050000,2026-04-28T08:48:42Z
83,srnn-std-e-only-skip-per-neuron,0.078813,0.209703,0.077540,0.207664,0.00050000,2026-04-28T08:48:42Z
84,srnn-e-only-per-neuron,0.863154,0.714530,0.936515,0.742765,0.00050000,2026-04-28T08:52:23Z
84,srnn-e-only-skip-per-neuron,0.077815,0.208215,0.076729,0.206487,0.00050000,2026-04-28T08:52:23Z
84,srnn-sfa-e-only-per-neuron,0.894856,0.727700,0.969724,0.755872,0.00050000,2026-04-28T08:52:23Z
84,srnn-sfa-e-only-skip-per-neuron,0.080644,0.212504,0.079149,0.210037,0.00050000,2026-04-28T08:52:23Z
84,srnn-std-e-only-per-neuron,0.871528,0.719125,0.958699,0.752546,0.00050000,2026-04-28T08:52:23Z
84,srnn-std-e-only-skip-per-neuron,0.078741,0.209598,0.077488,0.207592,0.00050000,2026-04-28T08:52:23Z
85,srnn-e-only-per-neuron,0.861894,0.714062,0.935517,0.742405,0.00050000,2026-04-28T08:56:03Z
85,srnn-e-only-skip-per-neuron,0.077725,0.208086,0.076655,0.206378,0.00050000,2026-04-28T08:56:03Z
85,srnn-sfa-e-only-per-neuron,0.893337,0.727169,0.969217,0.755720,0.00050000,2026-04-28T08:56:03Z
85,srnn-sfa-e-only-skip-per-neuron,0.080642,0.212501,0.079148,0.210034,0.00050000,2026-04-28T08:56:03Z
85,srnn-std-e-only-per-neuron,0.870619,0.718789,0.957813,0.752199,0.00050000,2026-04-28T08:56:03Z
85,srnn-std-e-only-skip-per-neuron,0.078670,0.209492,0.077434,0.207510,0.00050000,2026-04-28T08:56:03Z
86,srnn-e-only-per-neuron,0.860698,0.713563,0.934667,0.742092,0.00050000,2026-04-28T08:59:43Z
86,srnn-e-only-skip-per-neuron,0.077635,0.207955,0.076581,0.206268,0.00050000,2026-04-28T08:59:43Z
86,srnn-sfa-e-only-per-neuron,0.891990,0.726706,0.968222,0.755310,0.00050000,2026-04-28T08:59:43Z
86,srnn-sfa-e-only-skip-per-neuron,0.080640,0.212498,0.079146,0.210032,0.00050000,2026-04-28T08:59:43Z
86,srnn-std-e-only-per-neuron,0.869759,0.718435,0.957642,0.752138,0.00050000,2026-04-28T08:59:43Z
86,srnn-std-e-only-skip-per-neuron,0.078598,0.209383,0.077378,0.207427,0.00050000,2026-04-28T08:59:43Z
87,srnn-e-only-per-neuron,0.859505,0.713118,0.933822,0.741885,0.00050000,2026-04-28T09:03:23Z
87,srnn-e-only-skip-per-neuron,0.077546,0.207823,0.076507,0.206161,0.00050000,2026-04-28T09:03:23Z
87,srnn-sfa-e-only-per-neuron,0.890908,0.726207,0.967670,0.755089,0.00050000,2026-04-28T09:03:23Z
87,srnn-sfa-e-only-skip-per-neuron,0.080639,0.212495,0.079144,0.210029,0.00050000,2026-04-28T09:03:23Z
87,srnn-std-e-only-per-neuron,0.868896,0.718084,0.957703,0.752241,0.00050000,2026-04-28T09:03:23Z
87,srnn-std-e-only-skip-per-neuron,0.078526,0.209276,0.077324,0.207349,0.00050000,2026-04-28T09:03:23Z
88,srnn-e-only-per-neuron,0.858361,0.712731,0.932875,0.741403,0.00050000,2026-04-28T09:07:05Z
88,srnn-e-only-skip-per-neuron,0.077455,0.207689,0.076430,0.206052,0.00050000,2026-04-28T09:07:05Z
88,srnn-sfa-e-only-per-neuron,0.889545,0.725745,0.967429,0.755080,0.00050000,2026-04-28T09:07:05Z
88,srnn-sfa-e-only-skip-per-neuron,0.080637,0.212492,0.079143,0.210026,0.00050000,2026-04-28T09:07:05Z
88,srnn-std-e-only-per-neuron,0.867965,0.717737,0.957329,0.752114,0.00050000,2026-04-28T09:07:05Z
88,srnn-std-e-only-skip-per-neuron,0.078454,0.209169,0.077266,0.207265,0.00050000,2026-04-28T09:07:05Z
89,srnn-e-only-per-neuron,0.857172,0.712173,0.931930,0.741094,0.00050000,2026-04-28T09:10:52Z
89,srnn-e-only-skip-per-neuron,0.077365,0.207564,0.076352,0.205945,0.00050000,2026-04-28T09:10:52Z
89,srnn-sfa-e-only-per-neuron,0.888523,0.725440,0.966163,0.754565,0.00050000,2026-04-28T09:10:52Z
89,srnn-sfa-e-only-skip-per-neuron,0.080635,0.212488,0.079141,0.210023,0.00050000,2026-04-28T09:10:52Z
89,srnn-std-e-only-per-neuron,0.867020,0.717336,0.956761,0.751912,0.00050000,2026-04-28T09:10:52Z
89,srnn-std-e-only-skip-per-neuron,0.078381,0.209062,0.077208,0.207184,0.00050000,2026-04-28T09:10:52Z
90,srnn-e-only-per-neuron,0.856139,0.711870,0.931236,0.740914,0.00050000,2026-04-28T09:14:56Z
90,srnn-e-only-skip-per-neuron,0.077274,0.207434,0.076272,0.205826,0.00050000,2026-04-28T09:14:56Z
90,srnn-sfa-e-only-per-neuron,0.887354,0.724995,0.965433,0.754238,0.00050000,2026-04-28T09:14:56Z
90,srnn-sfa-e-only-skip-per-neuron,0.080632,0.212485,0.079139,0.210020,0.00050000,2026-04-28T09:14:56Z
90,srnn-std-e-only-per-neuron,0.866243,0.717010,0.957045,0.752135,0.00050000,2026-04-28T09:14:56Z
90,srnn-std-e-only-skip-per-neuron,0.078310,0.208954,0.077148,0.207093,0.00050000,2026-04-28T09:14:56Z
91,srnn-e-only-per-neuron,0.855018,0.711376,0.930656,0.740630,0.00050000,2026-04-28T09:18:42Z
91,srnn-e-only-skip-per-neuron,0.077184,0.207303,0.076191,0.205709,0.00050000,2026-04-28T09:18:42Z
91,srnn-sfa-e-only-per-neuron,0.886058,0.724452,0.965641,0.754425,0.00050000,2026-04-28T09:18:42Z
91,srnn-sfa-e-only-skip-per-neuron,0.080630,0.212482,0.079137,0.210018,0.00050000,2026-04-28T09:18:42Z
91,srnn-std-e-only-per-neuron,0.865455,0.716774,0.956079,0.751728,0.00050000,2026-04-28T09:18:42Z
91,srnn-std-e-only-skip-per-neuron,0.078236,0.208844,0.077089,0.207009,0.00050000,2026-04-28T09:18:42Z
92,srnn-e-only-per-neuron,0.853894,0.710979,0.929845,0.740467,0.00050000,2026-04-28T09:22:26Z
92,srnn-e-only-skip-per-neuron,0.077093,0.207176,0.076111,0.205596,0.00050000,2026-04-28T09:22:26Z
92,srnn-sfa-e-only-per-neuron,0.884952,0.724098,0.965160,0.754225,0.00050000,2026-04-28T09:22:26Z
92,srnn-sfa-e-only-skip-per-neuron,0.080628,0.212478,0.079135,0.210015,0.00050000,2026-04-28T09:22:26Z
92,srnn-std-e-only-per-neuron,0.864677,0.716375,0.955604,0.751604,0.00050000,2026-04-28T09:22:26Z
92,srnn-std-e-only-skip-per-neuron,0.078161,0.208734,0.077029,0.206920,0.00050000,2026-04-28T09:22:26Z
93,srnn-e-only-per-neuron,0.852789,0.710604,0.929344,0.740193,0.00050000,2026-04-28T09:26:09Z
93,srnn-e-only-skip-per-neuron,0.077002,0.207044,0.076034,0.205487,0.00050000,2026-04-28T09:26:09Z
93,srnn-sfa-e-only-per-neuron,0.883747,0.723607,0.965067,0.754202,0.00050000,2026-04-28T09:26:09Z
93,srnn-sfa-e-only-skip-per-neuron,0.080625,0.212474,0.079133,0.210011,0.00050000,2026-04-28T09:26:09Z
93,srnn-std-e-only-per-neuron,0.864070,0.716181,0.955250,0.751465,0.00050000,2026-04-28T09:26:09Z
93,srnn-std-e-only-skip-per-neuron,0.078087,0.208620,0.076969,0.206834,0.00050000,2026-04-28T09:26:09Z
94,srnn-e-only-per-neuron,0.851693,0.710050,0.928475,0.739954,0.00050000,2026-04-28T09:29:53Z
94,srnn-e-only-skip-per-neuron,0.076911,0.206920,0.075956,0.205387,0.00050000,2026-04-28T09:29:53Z
94,srnn-sfa-e-only-per-neuron,0.882577,0.723173,0.964348,0.753944,0.00050000,2026-04-28T09:29:53Z
94,srnn-sfa-e-only-skip-per-neuron,0.080623,0.212470,0.079130,0.210007,0.00050000,2026-04-28T09:29:53Z
94,srnn-std-e-only-per-neuron,0.863141,0.715815,0.954852,0.751392,0.00050000,2026-04-28T09:29:53Z
94,srnn-std-e-only-skip-per-neuron,0.078011,0.208511,0.076911,0.206751,0.00050000,2026-04-28T09:29:53Z
95,srnn-e-only-per-neuron,0.850617,0.709707,0.927943,0.739743,0.00050000,2026-04-28T09:33:36Z
95,srnn-e-only-skip-per-neuron,0.076821,0.206798,0.075879,0.205272,0.00050000,2026-04-28T09:33:36Z
95,srnn-sfa-e-only-per-neuron,0.881471,0.722821,0.964012,0.753925,0.00050000,2026-04-28T09:33:36Z
95,srnn-sfa-e-only-skip-per-neuron,0.080620,0.212465,0.079128,0.210003,0.00050000,2026-04-28T09:33:36Z
95,srnn-std-e-only-per-neuron,0.862404,0.715517,0.954495,0.751210,0.00050000,2026-04-28T09:33:36Z
95,srnn-std-e-only-skip-per-neuron,0.077934,0.208398,0.076851,0.206662,0.00050000,2026-04-28T09:33:36Z
96,srnn-e-only-per-neuron,0.849605,0.709259,0.927108,0.739437,0.00050000,2026-04-28T09:37:19Z
96,srnn-e-only-skip-per-neuron,0.076731,0.206671,0.075799,0.205163,0.00050000,2026-04-28T09:37:19Z
96,srnn-sfa-e-only-per-neuron,0.880255,0.722305,0.963400,0.753694,0.00050000,2026-04-28T09:37:19Z
96,srnn-sfa-e-only-skip-per-neuron,0.080618,0.212461,0.079125,0.209999,0.00050000,2026-04-28T09:37:19Z
96,srnn-std-e-only-per-neuron,0.861469,0.715075,0.953050,0.750665,0.00050000,2026-04-28T09:37:19Z
96,srnn-std-e-only-skip-per-neuron,0.077858,0.208283,0.076792,0.206574,0.00050000,2026-04-28T09:37:19Z
97,srnn-e-only-per-neuron,0.848621,0.708944,0.926285,0.739143,0.00050000,2026-04-28T09:41:00Z
97,srnn-e-only-skip-per-neuron,0.076640,0.206548,0.075722,0.205050,0.00050000,2026-04-28T09:41:00Z
97,srnn-sfa-e-only-per-neuron,0.879492,0.722073,0.962896,0.753538,0.00050000,2026-04-28T09:41:00Z
97,srnn-sfa-e-only-skip-per-neuron,0.080614,0.212456,0.079122,0.209995,0.00050000,2026-04-28T09:41:00Z
97,srnn-std-e-only-per-neuron,0.860739,0.714868,0.952231,0.750444,0.00050000,2026-04-28T09:41:00Z
97,srnn-std-e-only-skip-per-neuron,0.077780,0.208167,0.076733,0.206490,0.00050000,2026-04-28T09:41:00Z
98,srnn-e-only-per-neuron,0.847585,0.708498,0.925516,0.738905,0.00050000,2026-04-28T09:44:42Z
98,srnn-e-only-skip-per-neuron,0.076550,0.206421,0.075646,0.204949,0.00050000,2026-04-28T09:44:42Z
98,srnn-sfa-e-only-per-neuron,0.878220,0.721535,0.962711,0.753610,0.00050000,2026-04-28T09:44:42Z
98,srnn-sfa-e-only-skip-per-neuron,0.080611,0.212451,0.079119,0.209990,0.00050000,2026-04-28T09:44:42Z
98,srnn-std-e-only-per-neuron,0.860172,0.714581,0.952019,0.750483,0.00050000,2026-04-28T09:44:42Z
98,srnn-std-e-only-skip-per-neuron,0.077701,0.208054,0.076673,0.206408,0.00050000,2026-04-28T09:44:42Z
99,srnn-e-only-per-neuron,0.846517,0.708091,0.925195,0.738823,0.00050000,2026-04-28T09:48:28Z
99,srnn-e-only-skip-per-neuron,0.076460,0.206300,0.075571,0.204846,0.00050000,2026-04-28T09:48:28Z
99,srnn-sfa-e-only-per-neuron,0.877245,0.721190,0.962076,0.753333,0.00050000,2026-04-28T09:48:28Z
99,srnn-sfa-e-only-skip-per-neuron,0.080608,0.212446,0.079116,0.209985,0.00050000,2026-04-28T09:48:28Z
99,srnn-std-e-only-per-neuron,0.859184,0.714212,0.951407,0.750213,0.00050000,2026-04-28T09:48:28Z
99,srnn-std-e-only-skip-per-neuron,0.077622,0.207937,0.076616,0.206324,0.00050000,2026-04-28T09:48:28Z
100,srnn-e-only-per-neuron,0.845594,0.707686,0.924147,0.738474,0.00050000,2026-04-29T03:19:22Z
100,srnn-e-only-skip-per-neuron,0.076371,0.206179,0.075491,0.204735,0.00050000,2026-04-29T03:19:22Z
100,srnn-sfa-e-only-per-neuron,0.876404,0.720876,0.961674,0.753335,0.00050000,2026-04-29T03:19:22Z
100,srnn-sfa-e-only-skip-per-neuron,0.080604,0.212440,0.079112,0.209978,0.00050000,2026-04-29T03:19:22Z
100,srnn-std-e-only-per-neuron,0.858559,0.714009,0.951142,0.750208,0.00050000,2026-04-29T03:19:22Z
100,srnn-std-e-only-skip-per-neuron,0.077544,0.207821,0.076553,0.206233,0.00050000,2026-04-29T03:19:22Z
101,srnn-e-only-per-neuron,0.844544,0.707348,0.923683,0.738330,0.00050000,2026-04-29T03:23:11Z
101,srnn-e-only-skip-per-neuron,0.076282,0.206054,0.075415,0.204633,0.00050000,2026-04-29T03:23:11Z
101,srnn-sfa-e-only-per-neuron,0.875357,0.720507,0.960924,0.752939,0.00050000,2026-04-29T03:23:11Z
101,srnn-sfa-e-only-skip-per-neuron,0.080600,0.212433,0.079108,0.209973,0.00050000,2026-04-29T03:23:11Z
101,srnn-std-e-only-per-neuron,0.857745,0.713685,0.950696,0.749998,0.00050000,2026-04-29T03:23:11Z
101,srnn-std-e-only-skip-per-neuron,0.077464,0.207706,0.076491,0.206149,0.00050000,2026-04-29T03:23:11Z
102,srnn-e-only-per-neuron,0.843564,0.706869,0.923075,0.738083,0.00050000,2026-04-29T03:26:58Z
102,srnn-e-only-skip-per-neuron,0.076192,0.205937,0.075334,0.204522,0.00050000,2026-04-29T03:26:58Z
102,srnn-sfa-e-only-per-neuron,0.874248,0.720001,0.960183,0.752491,0.00050000,2026-04-29T03:26:58Z
102,srnn-sfa-e-only-skip-per-neuron,0.080596,0.212427,0.079103,0.209966,0.00050000,2026-04-29T03:26:58Z
102,srnn-std-e-only-per-neuron,0.857279,0.713437,0.950919,0.750255,0.00050000,2026-04-29T03:26:58Z
102,srnn-std-e-only-skip-per-neuron,0.077384,0.207593,0.076429,0.206058,0.00050000,2026-04-29T03:26:58Z
103,srnn-e-only-per-neuron,0.842645,0.706572,0.922293,0.737829,0.00050000,2026-04-29T03:30:46Z
103,srnn-e-only-skip-per-neuron,0.076102,0.205820,0.075253,0.204404,0.00050000,2026-04-29T03:30:46Z
103,srnn-sfa-e-only-per-neuron,0.873483,0.719719,0.959346,0.752375,0.00050000,2026-04-29T03:30:46Z
103,srnn-sfa-e-only-skip-per-neuron,0.080592,0.212419,0.079099,0.209958,0.00050000,2026-04-29T03:30:46Z
103,srnn-std-e-only-per-neuron,0.856357,0.713113,0.949469,0.749638,0.00050000,2026-04-29T03:30:46Z
103,srnn-std-e-only-skip-per-neuron,0.077304,0.207473,0.076361,0.205959,0.00050000,2026-04-29T03:30:46Z
104,srnn-e-only-per-neuron,0.841683,0.706178,0.922027,0.737801,0.00050000,2026-04-29T03:34:32Z
104,srnn-e-only-skip-per-neuron,0.076012,0.205686,0.075175,0.204299,0.00050000,2026-04-29T03:34:32Z
104,srnn-sfa-e-only-per-neuron,0.872225,0.719307,0.958428,0.751920,0.00050000,2026-04-29T03:34:32Z
104,srnn-sfa-e-only-skip-per-neuron,0.080587,0.212412,0.079093,0.209951,0.00050000,2026-04-29T03:34:32Z
104,srnn-std-e-only-per-neuron,0.855704,0.712852,0.949404,0.749661,0.00050000,2026-04-29T03:34:32Z
104,srnn-std-e-only-skip-per-neuron,0.077223,0.207360,0.076296,0.205870,0.00050000,2026-04-29T03:34:32Z
105,srnn-e-only-per-neuron,0.840830,0.705848,0.921171,0.737503,0.00050000,2026-04-29T03:38:20Z
105,srnn-e-only-skip-per-neuron,0.075924,0.205578,0.075092,0.204190,0.00050000,2026-04-29T03:38:20Z
105,srnn-sfa-e-only-per-neuron,0.871170,0.718787,0.957925,0.751776,0.00050000,2026-04-29T03:38:20Z
105,srnn-sfa-e-only-skip-per-neuron,0.080582,0.212405,0.079088,0.209942,0.00050000,2026-04-29T03:38:20Z
105,srnn-std-e-only-per-neuron,0.855008,0.712520,0.949150,0.749547,0.00050000,2026-04-29T03:38:20Z
105,srnn-std-e-only-skip-per-neuron,0.077142,0.207243,0.076230,0.205767,0.00050000,2026-04-29T03:38:20Z
106,srnn-e-only-per-neuron,0.839746,0.705428,0.920673,0.737325,0.00050000,2026-04-29T03:42:10Z
106,srnn-e-only-skip-per-neuron,0.075834,0.205457,0.075013,0.204081,0.00050000,2026-04-29T03:42:10Z
106,srnn-sfa-e-only-per-neuron,0.870333,0.718544,0.957804,0.751728,0.00050000,2026-04-29T03:42:10Z
106,srnn-sfa-e-only-skip-per-neuron,0.080576,0.212395,0.079081,0.209931,0.00050000,2026-04-29T03:42:10Z
106,srnn-std-e-only-per-neuron,0.854403,0.712302,0.949021,0.749651,0.00050000,2026-04-29T03:42:10Z
106,srnn-std-e-only-skip-per-neuron,0.077061,0.207128,0.076166,0.205682,0.00050000,2026-04-29T03:42:10Z
107,srnn-e-only-per-neuron,0.838790,0.704995,0.919920,0.737033,0.00050000,2026-04-29T03:46:00Z
107,srnn-e-only-skip-per-neuron,0.075744,0.205329,0.074926,0.203966,0.00050000,2026-04-29T03:46:00Z
107,srnn-sfa-e-only-per-neuron,0.869349,0.718155,0.956815,0.751421,0.00050000,2026-04-29T03:46:00Z
107,srnn-sfa-e-only-skip-per-neuron,0.080571,0.212386,0.079075,0.209922,0.00050000,2026-04-29T03:46:00Z
107,srnn-std-e-only-per-neuron,0.853658,0.712100,0.948464,0.749387,0.00050000,2026-04-29T03:46:00Z
107,srnn-std-e-only-skip-per-neuron,0.076980,0.207019,0.076094,0.205580,0.00050000,2026-04-29T03:46:00Z
108,srnn-e-only-per-neuron,0.837922,0.704710,0.919455,0.736938,0.00050000,2026-04-29T03:49:48Z
108,srnn-e-only-skip-per-neuron,0.075654,0.205213,0.074844,0.203853,0.00050000,2026-04-29T03:49:48Z
108,srnn-sfa-e-only-per-neuron,0.868357,0.717788,0.956244,0.751151,0.00050000,2026-04-29T03:49:48Z
108,srnn-sfa-e-only-skip-per-neuron,0.080564,0.212377,0.079068,0.209911,0.00050000,2026-04-29T03:49:48Z
108,srnn-std-e-only-per-neuron,0.852716,0.711610,0.948060,0.749232,0.00050000,2026-04-29T03:49:48Z
108,srnn-std-e-only-skip-per-neuron,0.076897,0.206900,0.076027,0.205483,0.00050000,2026-04-29T03:49:48Z
109,srnn-e-only-per-neuron,0.836914,0.704291,0.918565,0.736597,0.00050000,2026-04-29T03:53:34Z
109,srnn-e-only-skip-per-neuron,0.075560,0.205094,0.074759,0.203741,0.00050000,2026-04-29T03:53:34Z
109,srnn-sfa-e-only-per-neuron,0.867595,0.717438,0.955079,0.750709,0.00050000,2026-04-29T03:53:34Z
109,srnn-sfa-e-only-skip-per-neuron,0.080558,0.212367,0.079060,0.209901,0.00050000,2026-04-29T03:53:34Z
109,srnn-std-e-only-per-neuron,0.852055,0.711359,0.947922,0.749269,0.00050000,2026-04-29T03:53:34Z
109,srnn-std-e-only-skip-per-neuron,0.076813,0.206788,0.075956,0.205392,0.00050000,2026-04-29T03:53:34Z
110,srnn-e-only-per-neuron,0.836014,0.703934,0.917926,0.736339,0.00050000,2026-04-29T03:57:42Z
110,srnn-e-only-skip-per-neuron,0.075469,0.204964,0.074672,0.203618,0.00050000,2026-04-29T03:57:42Z
110,srnn-sfa-e-only-per-neuron,0.866891,0.717225,0.954332,0.750314,0.00050000,2026-04-29T03:57:42Z
110,srnn-sfa-e-only-skip-per-neuron,0.080551,0.212356,0.079052,0.209888,0.00050000,2026-04-29T03:57:42Z
110,srnn-std-e-only-per-neuron,0.851446,0.711122,0.947264,0.749001,0.00050000,2026-04-29T03:57:42Z
110,srnn-std-e-only-skip-per-neuron,0.076729,0.206673,0.075882,0.205283,0.00050000,2026-04-29T03:57:42Z
111,srnn-e-only-per-neuron,0.835235,0.703650,0.917187,0.736031,0.00050000,2026-04-29T04:01:32Z
111,srnn-e-only-skip-per-neuron,0.075375,0.204843,0.074585,0.203507,0.00050000,2026-04-29T04:01:32Z
111,srnn-sfa-e-only-per-neuron,0.866075,0.716919,0.954399,0.750496,0.00050000,2026-04-29T04:01:32Z
111,srnn-sfa-e-only-skip-per-neuron,0.080543,0.212345,0.079044,0.209876,0.00050000,2026-04-29T04:01:32Z
111,srnn-std-e-only-per-neuron,0.850691,0.710830,0.947077,0.748963,0.00050000,2026-04-29T04:01:32Z
111,srnn-std-e-only-skip-per-neuron,0.076645,0.206555,0.075807,0.205187,0.00050000,2026-04-29T04:01:32Z
112,srnn-e-only-per-neuron,0.834263,0.703195,0.916126,0.735626,0.00050000,2026-04-29T04:05:20Z
112,srnn-e-only-skip-per-neuron,0.075281,0.204723,0.074494,0.203384,0.00050000,2026-04-29T04:05:20Z
112,srnn-sfa-e-only-per-neuron,0.865130,0.716475,0.954003,0.750274,0.00050000,2026-04-29T04:05:20Z
112,srnn-sfa-e-only-skip-per-neuron,0.080535,0.212332,0.079034,0.209861,0.00050000,2026-04-29T04:05:20Z
112,srnn-std-e-only-per-neuron,0.850115,0.710584,0.946748,0.748767,0.00050000,2026-04-29T04:05:20Z
112,srnn-std-e-only-skip-per-neuron,0.076560,0.206447,0.075730,0.205087,0.00050000,2026-04-29T04:05:20Z
113,srnn-e-only-per-neuron,0.833327,0.702851,0.915515,0.735476,0.00050000,2026-04-29T04:09:07Z
113,srnn-e-only-skip-per-neuron,0.075184,0.204588,0.074403,0.203259,0.00050000,2026-04-29T04:09:07Z
113,srnn-sfa-e-only-per-neuron,0.864257,0.716159,0.953000,0.749856,0.00050000,2026-04-29T04:09:07Z
113,srnn-sfa-e-only-skip-per-neuron,0.080526,0.212318,0.079025,0.209849,0.00050000,2026-04-29T04:09:07Z
113,srnn-std-e-only-per-neuron,0.849418,0.710292,0.945939,0.748478,0.00050000,2026-04-29T04:09:07Z
113,srnn-std-e-only-skip-per-neuron,0.076473,0.206329,0.075654,0.204978,0.00050000,2026-04-29T04:09:07Z
114,srnn-e-only-per-neuron,0.832509,0.702536,0.914518,0.735099,0.00050000,2026-04-29T04:12:53Z
114,srnn-e-only-skip-per-neuron,0.075087,0.204460,0.074316,0.203155,0.00050000,2026-04-29T04:12:53Z
114,srnn-sfa-e-only-per-neuron,0.863399,0.715830,0.953246,0.750143,0.00050000,2026-04-29T04:12:53Z
114,srnn-sfa-e-only-skip-per-neuron,0.080517,0.212306,0.079015,0.209835,0.00050000,2026-04-29T04:12:53Z
114,srnn-std-e-only-per-neuron,0.848894,0.710087,0.946031,0.748557,0.00050000,2026-04-29T04:12:53Z
114,srnn-std-e-only-skip-per-neuron,0.076385,0.206210,0.075572,0.204869,0.00050000,2026-04-29T04:12:53Z
115,srnn-e-only-per-neuron,0.831545,0.702152,0.913720,0.734751,0.00050000,2026-04-29T04:16:38Z
115,srnn-e-only-skip-per-neuron,0.074989,0.204337,0.074221,0.203024,0.00050000,2026-04-29T04:16:38Z
115,srnn-sfa-e-only-per-neuron,0.862364,0.715437,0.952358,0.749771,0.00050000,2026-04-29T04:16:38Z
115,srnn-sfa-e-only-skip-per-neuron,0.080508,0.212290,0.079005,0.209818,0.00050000,2026-04-29T04:16:38Z
115,srnn-std-e-only-per-neuron,0.848160,0.709757,0.945618,0.748424,0.00050000,2026-04-29T04:16:38Z
115,srnn-std-e-only-skip-per-neuron,0.076297,0.206093,0.075487,0.204755,0.00050000,2026-04-29T04:16:38Z
116,srnn-e-only-per-neuron,0.830644,0.701740,0.912829,0.734466,0.00050000,2026-04-29T04:20:24Z
116,srnn-e-only-skip-per-neuron,0.074889,0.204202,0.074127,0.202904,0.00050000,2026-04-29T04:20:24Z
116,srnn-sfa-e-only-per-neuron,0.861627,0.715161,0.951802,0.749550,0.00050000,2026-04-29T04:20:24Z
116,srnn-sfa-e-only-skip-per-neuron,0.080498,0.212275,0.078993,0.209803,0.00050000,2026-04-29T04:20:24Z
116,srnn-std-e-only-per-neuron,0.847815,0.709695,0.945464,0.748398,0.00050000,2026-04-29T04:20:24Z
116,srnn-std-e-only-skip-per-neuron,0.076208,0.205977,0.075405,0.204649,0.00050000,2026-04-29T04:20:24Z
117,srnn-e-only-per-neuron,0.829853,0.701491,0.912188,0.734188,0.00050000,2026-04-29T04:24:10Z
117,srnn-e-only-skip-per-neuron,0.074786,0.204074,0.074030,0.202776,0.00050000,2026-04-29T04:24:10Z
117,srnn-sfa-e-only-per-neuron,0.860860,0.714861,0.951264,0.749267,0.00050000,2026-04-29T04:24:10Z
117,srnn-sfa-e-only-skip-per-neuron,0.080487,0.212260,0.078982,0.209787,0.00050000,2026-04-29T04:24:10Z
117,srnn-std-e-only-per-neuron,0.847204,0.709423,0.944636,0.748037,0.00050000,2026-04-29T04:24:10Z
117,srnn-std-e-only-skip-per-neuron,0.076115,0.205854,0.075317,0.204529,0.00050000,2026-04-29T04:24:10Z
118,srnn-e-only-per-neuron,0.828977,0.701097,0.911220,0.733845,0.00050000,2026-04-29T04:27:56Z
118,srnn-e-only-skip-per-neuron,0.074682,0.203926,0.073931,0.202635,0.00050000,2026-04-29T04:27:56Z
118,srnn-sfa-e-only-per-neuron,0.860027,0.714477,0.951222,0.749296,0.00050000,2026-04-29T04:27:56Z
118,srnn-sfa-e-only-skip-per-neuron,0.080476,0.212243,0.078969,0.209769,0.00050000,2026-04-29T04:27:56Z
118,srnn-std-e-only-per-neuron,0.846618,0.709178,0.944274,0.747937,0.00050000,2026-04-29T04:27:56Z
118,srnn-std-e-only-skip-per-neuron,0.076022,0.205730,0.075230,0.204418,0.00050000,2026-04-29T04:27:56Z
119,srnn-e-only-per-neuron,0.828141,0.700788,0.910586,0.733670,0.00050000,2026-04-29T04:31:42Z
119,srnn-e-only-skip-per-neuron,0.074578,0.203791,0.073831,0.202525,0.00050000,2026-04-29T04:31:42Z
119,srnn-sfa-e-only-per-neuron,0.859149,0.714140,0.949804,0.748666,0.00050000,2026-04-29T04:31:42Z
119,srnn-sfa-e-only-skip-per-neuron,0.080464,0.212224,0.078956,0.209750,0.00050000,2026-04-29T04:31:42Z
119,srnn-std-e-only-per-neuron,0.846077,0.708972,0.943665,0.747621,0.00050000,2026-04-29T04:31:42Z
119,srnn-std-e-only-skip-per-neuron,0.075928,0.205613,0.075137,0.204291,0.00050000,2026-04-29T04:31:42Z
120,srnn-e-only-per-neuron,0.827280,0.700409,0.909986,0.733461,0.00050000,2026-04-29T04:35:49Z
120,srnn-e-only-skip-per-neuron,0.074471,0.203656,0.073735,0.202378,0.00050000,2026-04-29T04:35:49Z
120,srnn-sfa-e-only-per-neuron,0.858471,0.713900,0.949464,0.748616,0.00050000,2026-04-29T04:35:49Z
120,srnn-sfa-e-only-skip-per-neuron,0.080452,0.212204,0.078942,0.209730,0.00050000,2026-04-29T04:35:49Z
120,srnn-std-e-only-per-neuron,0.845552,0.708817,0.943578,0.747521,0.00050000,2026-04-29T04:35:49Z
120,srnn-std-e-only-skip-per-neuron,0.075831,0.205478,0.075047,0.204172,0.00050000,2026-04-29T04:35:49Z
121,srnn-e-only-per-neuron,0.826378,0.700069,0.908940,0.732968,0.00050000,2026-04-29T04:39:38Z
121,srnn-e-only-skip-per-neuron,0.074362,0.203507,0.073629,0.202252,0.00050000,2026-04-29T04:39:38Z
121,srnn-sfa-e-only-per-neuron,0.857462,0.713450,0.949686,0.748631,0.00050000,2026-04-29T04:39:38Z
121,srnn-sfa-e-only-skip-per-neuron,0.080438,0.212185,0.078929,0.209714,0.00050000,2026-04-29T04:39:38Z
121,srnn-std-e-only-per-neuron,0.844860,0.708473,0.943395,0.747541,0.00050000,2026-04-29T04:39:38Z
121,srnn-std-e-only-skip-per-neuron,0.075733,0.205357,0.074954,0.204054,0.00050000,2026-04-29T04:39:38Z
122,srnn-e-only-per-neuron,0.825526,0.699709,0.907804,0.732596,0.00050000,2026-04-29T04:43:29Z
122,srnn-e-only-skip-per-neuron,0.074249,0.203363,0.073522,0.202114,0.00050000,2026-04-29T04:43:29Z
122,srnn-sfa-e-only-per-neuron,0.856786,0.713209,0.948449,0.748131,0.00050000,2026-04-29T04:43:29Z
122,srnn-sfa-e-only-skip-per-neuron,0.080424,0.212166,0.078914,0.209692,0.00050000,2026-04-29T04:43:29Z
122,srnn-std-e-only-per-neuron,0.844313,0.708313,0.942933,0.747295,0.00050000,2026-04-29T04:43:29Z
122,srnn-std-e-only-skip-per-neuron,0.075630,0.205223,0.074861,0.203927,0.00050000,2026-04-29T04:43:29Z
123,srnn-e-only-per-neuron,0.824597,0.699332,0.907148,0.732200,0.00050000,2026-04-29T04:47:20Z
123,srnn-e-only-skip-per-neuron,0.074137,0.203214,0.073416,0.201965,0.00050000,2026-04-29T04:47:20Z
123,srnn-sfa-e-only-per-neuron,0.856092,0.712942,0.948368,0.748152,0.00050000,2026-04-29T04:47:20Z
123,srnn-sfa-e-only-skip-per-neuron,0.080409,0.212142,0.078898,0.209669,0.00050000,2026-04-29T04:47:20Z
123,srnn-std-e-only-per-neuron,0.843621,0.707966,0.943112,0.747391,0.00050000,2026-04-29T04:47:20Z
123,srnn-std-e-only-skip-per-neuron,0.075529,0.205087,0.074773,0.203824,0.00050000,2026-04-29T04:47:20Z
124,srnn-e-only-per-neuron,0.823739,0.699005,0.906057,0.731942,0.00050000,2026-04-29T04:51:09Z
124,srnn-e-only-skip-per-neuron,0.074020,0.203063,0.073306,0.201820,0.00050000,2026-04-29T04:51:09Z
124,srnn-sfa-e-only-per-neuron,0.855219,0.712591,0.947676,0.747916,0.00050000,2026-04-29T04:51:09Z
124,srnn-sfa-e-only-skip-per-neuron,0.080393,0.212118,0.078882,0.209647,0.00050000,2026-04-29T04:51:09Z
124,srnn-std-e-only-per-neuron,0.842994,0.707729,0.942586,0.747311,0.00050000,2026-04-29T04:51:09Z
124,srnn-std-e-only-skip-per-neuron,0.075424,0.204956,0.074678,0.203694,0.00050000,2026-04-29T04:51:09Z
125,srnn-e-only-per-neuron,0.822813,0.698639,0.905460,0.731598,0.00050000,2026-04-29T04:54:57Z
125,srnn-e-only-skip-per-neuron,0.073903,0.202899,0.073199,0.201698,0.00050000,2026-04-29T04:54:57Z
125,srnn-sfa-e-only-per-neuron,0.854416,0.712307,0.947115,0.747698,0.00050000,2026-04-29T04:54:57Z
125,srnn-sfa-e-only-skip-per-neuron,0.080377,0.212094,0.078866,0.209625,0.00050000,2026-04-29T04:54:57Z
125,srnn-std-e-only-per-neuron,0.842730,0.707719,0.942111,0.746974,0.00050000,2026-04-29T04:54:57Z
125,srnn-std-e-only-skip-per-neuron,0.075319,0.204812,0.074589,0.203581,0.00050000,2026-04-29T04:54:57Z
126,srnn-e-only-per-neuron,0.821982,0.698264,0.904105,0.731158,0.00050000,2026-04-29T04:58:46Z
126,srnn-e-only-skip-per-neuron,0.073781,0.202748,0.073094,0.201535,0.00050000,2026-04-29T04:58:46Z
126,srnn-sfa-e-only-per-neuron,0.853829,0.712104,0.946275,0.747397,0.00050000,2026-04-29T04:58:46Z
126,srnn-sfa-e-only-skip-per-neuron,0.080359,0.212068,0.078849,0.209601,0.00050000,2026-04-29T04:58:46Z
126,srnn-std-e-only-per-neuron,0.842338,0.707513,0.941284,0.746643,0.00050000,2026-04-29T04:58:46Z
126,srnn-std-e-only-skip-per-neuron,0.075210,0.204682,0.074496,0.203460,0.00050000,2026-04-29T04:58:46Z
127,srnn-e-only-per-neuron,0.821107,0.697966,0.903605,0.730994,0.00050000,2026-04-29T05:02:38Z
127,srnn-e-only-skip-per-neuron,0.073658,0.202587,0.072984,0.201402,0.00050000,2026-04-29T05:02:38Z
127,srnn-sfa-e-only-per-neuron,0.853149,0.711825,0.946408,0.747594,0.00050000,2026-04-29T05:02:38Z
127,srnn-sfa-e-only-skip-per-neuron,0.080340,0.212041,0.078831,0.209577,0.00050000,2026-04-29T05:02:38Z
127,srnn-std-e-only-per-neuron,0.841557,0.707128,0.941683,0.746951,0.00050000,2026-04-29T05:02:38Z
127,srnn-std-e-only-skip-per-neuron,0.075101,0.204527,0.074400,0.203330,0.00050000,2026-04-29T05:02:38Z
128,srnn-e-only-per-neuron,0.820175,0.697490,0.902374,0.730487,0.00050000,2026-04-29T05:06:29Z
128,srnn-e-only-skip-per-neuron,0.073532,0.202415,0.072873,0.201257,0.00050000,2026-04-29T05:06:29Z
128,srnn-sfa-e-only-per-neuron,0.852336,0.711505,0.944868,0.746839,0.00050000,2026-04-29T05:06:29Z
128,srnn-sfa-e-only-skip-per-neuron,0.080321,0.212011,0.078812,0.209549,0.00050000,2026-04-29T05:06:29Z
128,srnn-std-e-only-per-neuron,0.840994,0.706927,0.940716,0.746467,0.00050000,2026-04-29T05:06:29Z
128,srnn-std-e-only-skip-per-neuron,0.074992,0.204396,0.074305,0.203218,0.00050000,2026-04-29T05:06:29Z
129,srnn-e-only-per-neuron,0.819339,0.697246,0.901932,0.730316,0.00050000,2026-04-29T05:10:19Z
129,srnn-e-only-skip-per-neuron,0.073406,0.202254,0.072757,0.201103,0.00050000,2026-04-29T05:10:19Z
129,srnn-sfa-e-only-per-neuron,0.851510,0.711166,0.944549,0.746701,0.00050000,2026-04-29T05:10:19Z
129,srnn-sfa-e-only-skip-per-neuron,0.080300,0.211980,0.078792,0.209523,0.00050000,2026-04-29T05:10:19Z
129,srnn-std-e-only-per-neuron,0.840555,0.706834,0.940889,0.746511,0.00050000,2026-04-29T05:10:19Z
129,srnn-std-e-only-skip-per-neuron,0.074882,0.204252,0.074200,0.203075,0.00050000,2026-04-29T05:10:19Z
130,srnn-e-only-per-neuron,0.818504,0.696854,0.900862,0.729896,0.00050000,2026-04-29T05:14:26Z
130,srnn-e-only-skip-per-neuron,0.073277,0.202080,0.072641,0.200964,0.00050000,2026-04-29T05:14:26Z
130,srnn-sfa-e-only-per-neuron,0.850737,0.710786,0.943280,0.746265,0.00050000,2026-04-29T05:14:26Z
130,srnn-sfa-e-only-skip-per-neuron,0.080278,0.211948,0.078772,0.209495,0.00050000,2026-04-29T05:14:26Z
130,srnn-std-e-only-per-neuron,0.839848,0.706480,0.940714,0.746512,0.00050000,2026-04-29T05:14:26Z
130,srnn-std-e-only-skip-per-neuron,0.074769,0.204102,0.074099,0.202941,0.00050000,2026-04-29T05:14:26Z
131,srnn-e-only-per-neuron,0.817644,0.696545,0.900135,0.729608,0.00050000,2026-04-29T05:18:14Z
131,srnn-e-only-skip-per-neuron,0.073147,0.201916,0.072530,0.200814,0.00050000,2026-04-29T05:18:14Z
131,srnn-sfa-e-only-per-neuron,0.850052,0.710628,0.942797,0.746089,0.00050000,2026-04-29T05:18:14Z
131,srnn-sfa-e-only-skip-per-neuron,0.080255,0.211915,0.078751,0.209466,0.00050000,2026-04-29T05:18:14Z
131,srnn-std-e-only-per-neuron,0.839214,0.706172,0.939610,0.746108,0.00050000,2026-04-29T05:18:14Z
131,srnn-std-e-only-skip-per-neuron,0.074656,0.203963,0.073999,0.202815,0.00050000,2026-04-29T05:18:14Z
132,srnn-e-only-per-neuron,0.816740,0.696149,0.899130,0.729120,0.00050000,2026-04-29T05:22:02Z
132,srnn-e-only-skip-per-neuron,0.073014,0.201744,0.072408,0.200651,0.00050000,2026-04-29T05:22:02Z
132,srnn-sfa-e-only-per-neuron,0.849344,0.710307,0.942891,0.746270,0.00050000,2026-04-29T05:22:02Z
132,srnn-sfa-e-only-skip-per-neuron,0.080231,0.211878,0.078728,0.209432,0.00050000,2026-04-29T05:22:02Z
132,srnn-std-e-only-per-neuron,0.838654,0.706036,0.939038,0.745817,0.00050000,2026-04-29T05:22:02Z
132,srnn-std-e-only-skip-per-neuron,0.074542,0.203815,0.073889,0.202666,0.00050000,2026-04-29T05:22:02Z
133,srnn-e-only-per-neuron,0.815826,0.695719,0.898250,0.728881,0.00050000,2026-04-29T05:25:50Z
133,srnn-e-only-skip-per-neuron,0.072881,0.201561,0.072288,0.200488,0.00050000,2026-04-29T05:25:50Z
133,srnn-sfa-e-only-per-neuron,0.848802,0.710164,0.942120,0.745806,0.00050000,2026-04-29T05:25:50Z
133,srnn-sfa-e-only-skip-per-neuron,0.080206,0.211841,0.078705,0.209402,0.00050000,2026-04-29T05:25:50Z
133,srnn-std-e-only-per-neuron,0.838060,0.705746,0.939205,0.745981,0.00050000,2026-04-29T05:25:50Z
133,srnn-std-e-only-skip-per-neuron,0.074429,0.203668,0.073779,0.202515,0.00050000,2026-04-29T05:25:50Z
134,srnn-e-only-per-neuron,0.815046,0.695517,0.897120,0.728380,0.00050000,2026-04-29T05:29:39Z
134,srnn-e-only-skip-per-neuron,0.072745,0.201391,0.072162,0.200343,0.00050000,2026-04-29T05:29:39Z
134,srnn-sfa-e-only-per-neuron,0.848205,0.709866,0.941404,0.745601,0.00050000,2026-04-29T05:29:39Z
134,srnn-sfa-e-only-skip-per-neuron,0.080179,0.211803,0.078680,0.209368,0.00050000,2026-04-29T05:29:39Z
134,srnn-std-e-only-per-neuron,0.837410,0.705464,0.939031,0.746158,0.00050000,2026-04-29T05:29:39Z
134,srnn-std-e-only-skip-per-neuron,0.074314,0.203520,0.073674,0.202386,0.00050000,2026-04-29T05:29:39Z
135,srnn-e-only-per-neuron,0.814078,0.695000,0.896105,0.727922,0.00050000,2026-04-29T05:33:29Z
135,srnn-e-only-skip-per-neuron,0.072607,0.201200,0.072032,0.200167,0.00050000,2026-04-29T05:33:29Z
135,srnn-sfa-e-only-per-neuron,0.847314,0.709558,0.941006,0.745461,0.00050000,2026-04-29T05:33:29Z
135,srnn-sfa-e-only-skip-per-neuron,0.080152,0.211761,0.078655,0.209332,0.00050000,2026-04-29T05:33:29Z
135,srnn-std-e-only-per-neuron,0.837177,0.705411,0.939016,0.746051,0.00050000,2026-04-29T05:33:29Z
135,srnn-std-e-only-skip-per-neuron,0.074199,0.203376,0.073572,0.202251,0.00050000,2026-04-29T05:33:29Z
136,srnn-e-only-per-neuron,0.813293,0.694759,0.895410,0.727704,0.00050000,2026-04-29T05:37:20Z
136,srnn-e-only-skip-per-neuron,0.072473,0.201033,0.071912,0.199981,0.00050000,2026-04-29T05:37:20Z
136,srnn-sfa-e-only-per-neuron,0.846709,0.709297,0.940213,0.745103,0.00050000,2026-04-29T05:37:20Z
136,srnn-sfa-e-only-skip-per-neuron,0.080123,0.211719,0.078629,0.209295,0.00050000,2026-04-29T05:37:20Z
136,srnn-std-e-only-per-neuron,0.836650,0.705174,0.938141,0.745584,0.00050000,2026-04-29T05:37:20Z
136,srnn-std-e-only-skip-per-neuron,0.074086,0.203232,0.073462,0.202102,0.00050000,2026-04-29T05:37:20Z
137,srnn-e-only-per-neuron,0.812482,0.694412,0.894469,0.727196,0.00050000,2026-04-29T05:41:07Z
137,srnn-e-only-skip-per-neuron,0.072331,0.200845,0.071785,0.199828,0.00050000,2026-04-29T05:41:07Z
137,srnn-sfa-e-only-per-neuron,0.846018,0.709034,0.940702,0.745357,0.00050000,2026-04-29T05:41:07Z
137,srnn-sfa-e-only-skip-per-neuron,0.080093,0.211674,0.078603,0.209258,0.00050000,2026-04-29T05:41:07Z
137,srnn-std-e-only-per-neuron,0.836071,0.704948,0.937869,0.745542,0.00050000,2026-04-29T05:41:07Z
137,srnn-std-e-only-skip-per-neuron,0.073967,0.203069,0.073361,0.201985,0.00050000,2026-04-29T05:41:07Z
138,srnn-e-only-per-neuron,0.811593,0.694001,0.893449,0.726930,0.00050000,2026-04-29T05:44:52Z
138,srnn-e-only-skip-per-neuron,0.072191,0.200653,0.071653,0.199676,0.00050000,2026-04-29T05:44:52Z
138,srnn-sfa-e-only-per-neuron,0.845298,0.708717,0.940174,0.745161,0.00050000,2026-04-29T05:44:52Z
138,srnn-sfa-e-only-skip-per-neuron,0.080062,0.211630,0.078577,0.209220,0.00050000,2026-04-29T05:44:52Z
138,srnn-std-e-only-per-neuron,0.835548,0.704728,0.937382,0.745446,0.00050000,2026-04-29T05:44:52Z
138,srnn-std-e-only-skip-per-neuron,0.073852,0.202934,0.073251,0.201834,0.00050000,2026-04-29T05:44:52Z
139,srnn-e-only-per-neuron,0.810594,0.693667,0.892380,0.726425,0.00050000,2026-04-29T05:48:37Z
139,srnn-e-only-skip-per-neuron,0.072052,0.200480,0.071521,0.199485,0.00050000,2026-04-29T05:48:37Z
139,srnn-sfa-e-only-per-neuron,0.844650,0.708491,0.939229,0.744796,0.00050000,2026-04-29T05:48:37Z
139,srnn-sfa-e-only-skip-per-neuron,0.080030,0.211582,0.078549,0.209181,0.00050000,2026-04-29T05:48:37Z
139,srnn-std-e-only-per-neuron,0.835104,0.704515,0.936940,0.745278,0.00050000,2026-04-29T05:48:37Z
139,srnn-std-e-only-skip-per-neuron,0.073735,0.202777,0.073141,0.201687,0.00050000,2026-04-29T05:48:37Z
140,srnn-e-only-per-neuron,0.809856,0.693265,0.891048,0.725899,0.00050000,2026-04-29T05:52:40Z
140,srnn-e-only-skip-per-neuron,0.071913,0.200297,0.071390,0.199302,0.00050000,2026-04-29T05:52:40Z
140,srnn-sfa-e-only-per-neuron,0.843960,0.708261,0.938626,0.744530,0.00050000,2026-04-29T05:52:40Z
140,srnn-sfa-e-only-skip-per-neuron,0.079997,0.211535,0.078521,0.209142,0.00050000,2026-04-29T05:52:40Z
140,srnn-std-e-only-per-neuron,0.834703,0.704418,0.937452,0.745529,0.00050000,2026-04-29T05:52:40Z
140,srnn-std-e-only-skip-per-neuron,0.073617,0.202626,0.073037,0.201553,0.00050000,2026-04-29T05:52:40Z
141,srnn-e-only-per-neuron,0.808738,0.692869,0.889996,0.725551,0.00050000,2026-04-29T05:56:25Z
141,srnn-e-only-skip-per-neuron,0.071767,0.200097,0.071258,0.199150,0.00050000,2026-04-29T05:56:25Z
141,srnn-sfa-e-only-per-neuron,0.843310,0.707915,0.938248,0.744474,0.00050000,2026-04-29T05:56:25Z
141,srnn-sfa-e-only-skip-per-neuron,0.079964,0.211485,0.078493,0.209097,0.00050000,2026-04-29T05:56:25Z
141,srnn-std-e-only-per-neuron,0.833991,0.704076,0.936350,0.744963,0.00050000,2026-04-29T05:56:25Z
141,srnn-std-e-only-skip-per-neuron,0.073498,0.202468,0.072924,0.201419,0.00050000,2026-04-29T05:56:25Z
142,srnn-e-only-per-neuron,0.807862,0.692467,0.889306,0.725161,0.00050000,2026-04-29T06:00:10Z
142,srnn-e-only-skip-per-neuron,0.071628,0.199913,0.071134,0.198988,0.00050000,2026-04-29T06:00:10Z
142,srnn-sfa-e-only-per-neuron,0.842807,0.707782,0.937958,0.744352,0.00050000,2026-04-29T06:00:10Z
142,srnn-sfa-e-only-skip-per-neuron,0.079930,0.211434,0.078463,0.209052,0.00050000,2026-04-29T06:00:10Z
142,srnn-std-e-only-per-neuron,0.833660,0.703952,0.936087,0.744963,0.00050000,2026-04-29T06:00:10Z
142,srnn-std-e-only-skip-per-neuron,0.073381,0.202323,0.072814,0.201260,0.00050000,2026-04-29T06:00:10Z
143,srnn-e-only-per-neuron,0.806926,0.692105,0.887928,0.724691,0.00050000,2026-04-29T06:03:57Z
143,srnn-e-only-skip-per-neuron,0.071485,0.199732,0.070992,0.198778,0.00050000,2026-04-29T06:03:57Z
143,srnn-sfa-e-only-per-neuron,0.842238,0.707515,0.937562,0.744304,0.00050000,2026-04-29T06:03:57Z
143,srnn-sfa-e-only-skip-per-neuron,0.079895,0.211382,0.078433,0.209009,0.00050000,2026-04-29T06:03:57Z
143,srnn-std-e-only-per-neuron,0.833130,0.703756,0.936074,0.745027,0.00050000,2026-04-29T06:03:57Z
143,srnn-std-e-only-skip-per-neuron,0.073260,0.202162,0.072694,0.201106,0.00050000,2026-04-29T06:03:57Z
144,srnn-e-only-per-neuron,0.805913,0.691679,0.887013,0.724299,0.00050000,2026-04-29T06:07:46Z
144,srnn-e-only-skip-per-neuron,0.071342,0.199531,0.070863,0.198632,0.00050000,2026-04-29T06:07:46Z
144,srnn-sfa-e-only-per-neuron,0.841599,0.707286,0.936460,0.743815,0.00050000,2026-04-29T06:07:46Z
144,srnn-sfa-e-only-skip-per-neuron,0.079860,0.211331,0.078403,0.208965,0.00050000,2026-04-29T06:07:46Z
144,srnn-std-e-only-per-neuron,0.832831,0.703640,0.935004,0.744583,0.00050000,2026-04-29T06:07:46Z
144,srnn-std-e-only-skip-per-neuron,0.073138,0.201999,0.072580,0.200950,0.00050000,2026-04-29T06:07:46Z
145,srnn-e-only-per-neuron,0.804943,0.691252,0.885748,0.723702,0.00050000,2026-04-29T06:11:33Z
145,srnn-e-only-skip-per-neuron,0.071200,0.199348,0.070731,0.198460,0.00050000,2026-04-29T06:11:33Z
145,srnn-sfa-e-only-per-neuron,0.840852,0.706896,0.935906,0.743507,0.00050000,2026-04-29T06:11:33Z
145,srnn-sfa-e-only-skip-per-neuron,0.079824,0.211277,0.078371,0.208917,0.00050000,2026-04-29T06:11:33Z
145,srnn-std-e-only-per-neuron,0.832270,0.703408,0.935842,0.744805,0.00050000,2026-04-29T06:11:33Z
145,srnn-std-e-only-skip-per-neuron,0.073016,0.201845,0.072465,0.200802,0.00050000,2026-04-29T06:11:33Z
146,srnn-e-only-per-neuron,0.804061,0.690880,0.885286,0.723545,0.00050000,2026-04-29T06:15:19Z
146,srnn-e-only-skip-per-neuron,0.071058,0.199158,0.070589,0.198270,0.00050000,2026-04-29T06:15:19Z
146,srnn-sfa-e-only-per-neuron,0.840063,0.706676,0.935627,0.743521,0.00050000,2026-04-29T06:15:19Z
146,srnn-sfa-e-only-skip-per-neuron,0.079787,0.211222,0.078339,0.208870,0.00050000,2026-04-29T06:15:19Z
146,srnn-std-e-only-per-neuron,0.831613,0.703110,0.935600,0.744759,0.00050000,2026-04-29T06:15:19Z
146,srnn-std-e-only-skip-per-neuron,0.072894,0.201676,0.072339,0.200635,0.00050000,2026-04-29T06:15:19Z
147,srnn-e-only-per-neuron,0.803165,0.690518,0.883539,0.722991,0.00050000,2026-04-29T06:19:05Z
147,srnn-e-only-skip-per-neuron,0.070919,0.198975,0.070461,0.198117,0.00050000,2026-04-29T06:19:05Z
147,srnn-sfa-e-only-per-neuron,0.839474,0.706448,0.934941,0.743284,0.00050000,2026-04-29T06:19:05Z
147,srnn-sfa-e-only-skip-per-neuron,0.079750,0.211166,0.078307,0.208821,0.00050000,2026-04-29T06:19:05Z
147,srnn-std-e-only-per-neuron,0.831303,0.703007,0.934477,0.744397,0.00050000,2026-04-29T06:19:05Z
147,srnn-std-e-only-skip-per-neuron,0.072771,0.201522,0.072222,0.200475,0.00050000,2026-04-29T06:19:05Z
148,srnn-e-only-per-neuron,0.802119,0.690099,0.883077,0.722754,0.00050000,2026-04-29T06:22:48Z
148,srnn-e-only-skip-per-neuron,0.070776,0.198785,0.070322,0.197932,0.00050000,2026-04-29T06:22:48Z
148,srnn-sfa-e-only-per-neuron,0.838929,0.706221,0.934517,0.743108,0.00050000,2026-04-29T06:22:48Z
148,srnn-sfa-e-only-skip-per-neuron,0.079712,0.211109,0.078275,0.208775,0.00050000,2026-04-29T06:22:48Z
148,srnn-std-e-only-per-neuron,0.830655,0.702721,0.934483,0.744461,0.00050000,2026-04-29T06:22:48Z
148,srnn-std-e-only-skip-per-neuron,0.072645,0.201363,0.072100,0.200315,0.00050000,2026-04-29T06:22:48Z
149,srnn-e-only-per-neuron,0.801182,0.689708,0.882024,0.722359,0.00050000,2026-04-29T06:26:31Z
149,srnn-e-only-skip-per-neuron,0.070635,0.198595,0.070189,0.197757,0.00050000,2026-04-29T06:26:31Z
149,srnn-sfa-e-only-per-neuron,0.838176,0.705849,0.933377,0.742616,0.00050000,2026-04-29T06:26:31Z
149,srnn-sfa-e-only-skip-per-neuron,0.079674,0.211054,0.078242,0.208726,0.00050000,2026-04-29T06:26:31Z
149,srnn-std-e-only-per-neuron,0.830062,0.702442,0.934282,0.744374,0.00050000,2026-04-29T06:26:31Z
149,srnn-std-e-only-skip-per-neuron,0.072521,0.201187,0.071976,0.200163,0.00050000,2026-04-29T06:26:31Z
150,srnn-e-only-per-neuron,0.800249,0.689259,0.880441,0.721652,0.00050000,2026-04-29T06:30:33Z
150,srnn-e-only-skip-per-neuron,0.070497,0.198415,0.070053,0.197562,0.00050000,2026-04-29T06:30:33Z
150,srnn-sfa-e-only-per-neuron,0.837672,0.705716,0.933218,0.742558,0.00050000,2026-04-29T06:30:33Z
150,srnn-sfa-e-only-skip-per-neuron,0.079636,0.210995,0.078209,0.208674,0.00050000,2026-04-29T06:30:33Z
150,srnn-std-e-only-per-neuron,0.829975,0.702407,0.933007,0.743858,0.00050000,2026-04-29T06:30:33Z
150,srnn-std-e-only-skip-per-neuron,0.072397,0.201032,0.071855,0.199998,0.00050000,2026-04-29T06:30:33Z
151,srnn-e-only-per-neuron,0.799270,0.688923,0.879931,0.721564,0.00050000,2026-04-29T06:34:15Z
151,srnn-e-only-skip-per-neuron,0.070359,0.198226,0.069917,0.197399,0.00050000,2026-04-29T06:34:15Z
151,srnn-sfa-e-only-per-neuron,0.837128,0.705522,0.932935,0.742555,0.00050000,2026-04-29T06:34:15Z
151,srnn-sfa-e-only-skip-per-neuron,0.079597,0.210935,0.078177,0.208626,0.00050000,2026-04-29T06:34:15Z
151,srnn-std-e-only-per-neuron,0.829174,0.702131,0.933653,0.744216,0.00050000,2026-04-29T06:34:15Z
151,srnn-std-e-only-skip-per-neuron,0.072268,0.200854,0.071733,0.199842,0.00050000,2026-04-29T06:34:15Z
152,srnn-e-only-per-neuron,0.798209,0.688421,0.878755,0.721009,0.00050000,2026-04-29T06:37:58Z
152,srnn-e-only-skip-per-neuron,0.070219,0.198039,0.069786,0.197214,0.00050000,2026-04-29T06:37:58Z
152,srnn-sfa-e-only-per-neuron,0.836517,0.705291,0.931941,0.742137,0.00050000,2026-04-29T06:37:58Z
152,srnn-sfa-e-only-skip-per-neuron,0.079558,0.210877,0.078143,0.208577,0.00050000,2026-04-29T06:37:58Z
152,srnn-std-e-only-per-neuron,0.828800,0.701918,0.932781,0.743886,0.00050000,2026-04-29T06:37:58Z
152,srnn-std-e-only-skip-per-neuron,0.072139,0.200688,0.071608,0.199665,0.00050000,2026-04-29T06:37:58Z
153,srnn-e-only-per-neuron,0.797336,0.688081,0.878023,0.720740,0.00050000,2026-04-29T06:41:41Z
153,srnn-e-only-skip-per-neuron,0.070082,0.197859,0.069659,0.197025,0.00050000,2026-04-29T06:41:41Z
153,srnn-sfa-e-only-per-neuron,0.836053,0.705020,0.932302,0.742253,0.00050000,2026-04-29T06:41:41Z
153,srnn-sfa-e-only-skip-per-neuron,0.079520,0.210819,0.078110,0.208526,0.00050000,2026-04-29T06:41:41Z
153,srnn-std-e-only-per-neuron,0.828232,0.701729,0.932438,0.743928,0.00050000,2026-04-29T06:41:41Z
153,srnn-std-e-only-skip-per-neuron,0.072012,0.200516,0.071484,0.199508,0.00050000,2026-04-29T06:41:41Z
154,srnn-e-only-per-neuron,0.796427,0.687710,0.876533,0.720184,0.00050000,2026-04-29T06:45:24Z
154,srnn-e-only-skip-per-neuron,0.069946,0.197686,0.069535,0.196881,0.00050000,2026-04-29T06:45:24Z
154,srnn-sfa-e-only-per-neuron,0.835752,0.704940,0.931385,0.741944,0.00050000,2026-04-29T06:45:24Z
154,srnn-sfa-e-only-skip-per-neuron,0.079481,0.210762,0.078079,0.208477,0.00050000,2026-04-29T06:45:24Z
154,srnn-std-e-only-per-neuron,0.828002,0.701678,0.932073,0.743693,0.00050000,2026-04-29T06:45:24Z
154,srnn-std-e-only-skip-per-neuron,0.071884,0.200350,0.071367,0.199367,0.00050000,2026-04-29T06:45:24Z
155,srnn-e-only-per-neuron,0.795498,0.687277,0.875714,0.719758,0.00050000,2026-04-29T06:49:07Z
155,srnn-e-only-skip-per-neuron,0.069811,0.197495,0.069403,0.196697,0.00050000,2026-04-29T06:49:07Z
155,srnn-sfa-e-only-per-neuron,0.834988,0.704632,0.930585,0.741774,0.00050000,2026-04-29T06:49:07Z
155,srnn-sfa-e-only-skip-per-neuron,0.079441,0.210700,0.078045,0.208424,0.00050000,2026-04-29T06:49:07Z
155,srnn-std-e-only-per-neuron,0.827227,0.701288,0.930878,0.743210,0.00050000,2026-04-29T06:49:07Z
155,srnn-std-e-only-skip-per-neuron,0.071753,0.200174,0.071235,0.199180,0.00050000,2026-04-29T06:49:07Z
156,srnn-e-only-per-neuron,0.794528,0.686908,0.874250,0.719226,0.00050000,2026-04-29T06:52:50Z
156,srnn-e-only-skip-per-neuron,0.069675,0.197316,0.069292,0.196561,0.00050000,2026-04-29T06:52:50Z
156,srnn-sfa-e-only-per-neuron,0.834144,0.704275,0.930159,0.741472,0.00050000,2026-04-29T06:52:50Z
156,srnn-sfa-e-only-skip-per-neuron,0.079401,0.210640,0.078012,0.208377,0.00050000,2026-04-29T06:52:50Z
156,srnn-std-e-only-per-neuron,0.826733,0.701137,0.931734,0.743571,0.00050000,2026-04-29T06:52:50Z
156,srnn-std-e-only-skip-per-neuron,0.071621,0.200005,0.071116,0.199025,0.00050000,2026-04-29T06:52:50Z
157,srnn-e-only-per-neuron,0.793543,0.686502,0.873441,0.718856,0.00050000,2026-04-29T06:56:33Z
157,srnn-e-only-skip-per-neuron,0.069542,0.197147,0.069156,0.196389,0.00050000,2026-04-29T06:56:33Z
157,srnn-sfa-e-only-per-neuron,0.833467,0.704036,0.929509,0.741214,0.00050000,2026-04-29T06:56:33Z
157,srnn-sfa-e-only-skip-per-neuron,0.079360,0.210579,0.077981,0.208331,0.00050000,2026-04-29T06:56:33Z
157,srnn-std-e-only-per-neuron,0.826480,0.701055,0.931059,0.743279,0.00050000,2026-04-29T06:56:33Z
157,srnn-std-e-only-skip-per-neuron,0.071491,0.199831,0.070987,0.198864,0.00050000,2026-04-29T06:56:33Z
158,srnn-e-only-per-neuron,0.792704,0.686113,0.872157,0.718402,0.00050000,2026-04-29T07:00:17Z
158,srnn-e-only-skip-per-neuron,0.069409,0.196958,0.069035,0.196213,0.00050000,2026-04-29T07:00:17Z
158,srnn-sfa-e-only-per-neuron,0.832926,0.703773,0.929326,0.741192,0.00050000,2026-04-29T07:00:17Z
158,srnn-sfa-e-only-skip-per-neuron,0.079319,0.210517,0.077947,0.208281,0.00050000,2026-04-29T07:00:17Z
158,srnn-std-e-only-per-neuron,0.825921,0.700780,0.930854,0.743290,0.00050000,2026-04-29T07:00:17Z
158,srnn-std-e-only-skip-per-neuron,0.071356,0.199651,0.070853,0.198676,0.00050000,2026-04-29T07:00:17Z
159,srnn-e-only-per-neuron,0.791691,0.685716,0.870493,0.717637,0.00050000,2026-04-29T07:04:03Z
159,srnn-e-only-skip-per-neuron,0.069277,0.196793,0.068917,0.196042,0.00050000,2026-04-29T07:04:03Z
159,srnn-sfa-e-only-per-neuron,0.832265,0.703527,0.928084,0.740724,0.00050000,2026-04-29T07:04:03Z
159,srnn-sfa-e-only-skip-per-neuron,0.079277,0.210453,0.077913,0.208225,0.00050000,2026-04-29T07:04:03Z
159,srnn-std-e-only-per-neuron,0.825409,0.700569,0.929904,0.742942,0.00050000,2026-04-29T07:04:03Z
159,srnn-std-e-only-skip-per-neuron,0.071220,0.199473,0.070737,0.198527,0.00050000,2026-04-29T07:04:03Z
160,srnn-e-only-per-neuron,0.790530,0.685143,0.869653,0.717385,0.00050000,2026-04-29T07:08:06Z
160,srnn-e-only-skip-per-neuron,0.069148,0.196606,0.068783,0.195885,0.00050000,2026-04-29T07:08:06Z
160,srnn-sfa-e-only-per-neuron,0.831656,0.703273,0.928119,0.740779,0.00050000,2026-04-29T07:08:06Z
160,srnn-sfa-e-only-skip-per-neuron,0.079233,0.210388,0.077879,0.208176,0.00050000,2026-04-29T07:08:06Z
160,srnn-std-e-only-per-neuron,0.825060,0.700492,0.929635,0.742885,0.00050000,2026-04-29T07:08:06Z
160,srnn-std-e-only-skip-per-neuron,0.071085,0.199289,0.070596,0.198339,0.00050000,2026-04-29T07:08:06Z
161,srnn-e-only-per-neuron,0.789454,0.684728,0.868289,0.716792,0.00050000,2026-04-29T07:11:50Z
161,srnn-e-only-skip-per-neuron,0.069019,0.196441,0.068671,0.195726,0.00050000,2026-04-29T07:11:50Z
161,srnn-sfa-e-only-per-neuron,0.830960,0.702966,0.927731,0.740741,0.00050000,2026-04-29T07:11:50Z
161,srnn-sfa-e-only-skip-per-neuron,0.079191,0.210323,0.077844,0.208119,0.00050000,2026-04-29T07:11:50Z
161,srnn-std-e-only-per-neuron,0.824490,0.700202,0.928980,0.742633,0.00050000,2026-04-29T07:11:50Z
161,srnn-std-e-only-skip-per-neuron,0.070946,0.199112,0.070472,0.198174,0.00050000,2026-04-29T07:11:50Z
162,srnn-e-only-per-neuron,0.788462,0.684280,0.867240,0.716413,0.00050000,2026-04-29T07:15:33Z
162,srnn-e-only-skip-per-neuron,0.068894,0.196279,0.068540,0.195532,0.00050000,2026-04-29T07:15:33Z
162,srnn-sfa-e-only-per-neuron,0.830322,0.702671,0.926694,0.740212,0.00050000,2026-04-29T07:15:33Z
162,srnn-sfa-e-only-skip-per-neuron,0.079147,0.210256,0.077808,0.208065,0.00050000,2026-04-29T07:15:33Z
162,srnn-std-e-only-per-neuron,0.824136,0.700062,0.927568,0.741973,0.00050000,2026-04-29T07:15:33Z
162,srnn-std-e-only-skip-per-neuron,0.070809,0.198925,0.070330,0.198000,0.00050000,2026-04-29T07:15:33Z
163,srnn-e-only-per-neuron,0.787455,0.683806,0.865746,0.715787,0.00050000,2026-04-29T07:19:16Z
163,srnn-e-only-skip-per-neuron,0.068772,0.196113,0.068430,0.195392,0.00050000,2026-04-29T07:19:16Z
163,srnn-sfa-e-only-per-neuron,0.829835,0.702547,0.926590,0.740254,0.00050000,2026-04-29T07:19:16Z
163,srnn-sfa-e-only-skip-per-neuron,0.079103,0.210193,0.077772,0.208010,0.00050000,2026-04-29T07:19:16Z
163,srnn-std-e-only-per-neuron,0.823455,0.699819,0.928256,0.742375,0.00050000,2026-04-29T07:19:16Z
163,srnn-std-e-only-skip-per-neuron,0.070671,0.198745,0.070205,0.197830,0.00050000,2026-04-29T07:19:16Z
164,srnn-e-only-per-neuron,0.786501,0.683488,0.864289,0.715210,0.00050000,2026-04-29T07:22:59Z
164,srnn-e-only-skip-per-neuron,0.068650,0.195950,0.068303,0.195239,0.00050000,2026-04-29T07:22:59Z
164,srnn-sfa-e-only-per-neuron,0.829350,0.702327,0.925973,0.739988,0.00050000,2026-04-29T07:22:59Z
164,srnn-sfa-e-only-skip-per-neuron,0.079058,0.210125,0.077734,0.207949,0.00050000,2026-04-29T07:22:59Z
164,srnn-std-e-only-per-neuron,0.823078,0.699654,0.928614,0.742597,0.00050000,2026-04-29T07:22:59Z
164,srnn-std-e-only-skip-per-neuron,0.070532,0.198568,0.070065,0.197642,0.00050000,2026-04-29T07:22:59Z
165,srnn-e-only-per-neuron,0.785447,0.682955,0.862694,0.714630,0.00050000,2026-04-29T07:26:42Z
165,srnn-e-only-skip-per-neuron,0.068530,0.195778,0.068185,0.195087,0.00050000,2026-04-29T07:26:42Z
165,srnn-sfa-e-only-per-neuron,0.828682,0.702057,0.924979,0.739629,0.00050000,2026-04-29T07:26:42Z
165,srnn-sfa-e-only-skip-per-neuron,0.079012,0.210056,0.077696,0.207892,0.00050000,2026-04-29T07:26:42Z
165,srnn-std-e-only-per-neuron,0.822475,0.699394,0.927656,0.742152,0.00050000,2026-04-29T07:26:42Z
165,srnn-std-e-only-skip-per-neuron,0.070394,0.198372,0.069931,0.197465,0.00050000,2026-04-29T07:26:42Z
166,srnn-e-only-per-neuron,0.784303,0.682485,0.861247,0.713980,0.00050000,2026-04-29T07:30:25Z
166,srnn-e-only-skip-per-neuron,0.068409,0.195621,0.068076,0.194952,0.00050000,2026-04-29T07:30:25Z
166,srnn-sfa-e-only-per-neuron,0.827815,0.701691,0.924658,0.739475,0.00050000,2026-04-29T07:30:25Z
166,srnn-sfa-e-only-skip-per-neuron,0.078966,0.209986,0.077658,0.207835,0.00050000,2026-04-29T07:30:25Z
166,srnn-std-e-only-per-neuron,0.822237,0.699326,0.927363,0.741966,0.00050000,2026-04-29T07:30:25Z
166,srnn-std-e-only-skip-per-neuron,0.070257,0.198196,0.069800,0.197302,0.00050000,2026-04-29T07:30:25Z
167,srnn-e-only-per-neuron,0.783278,0.682008,0.860135,0.713632,0.00050000,2026-04-29T07:34:08Z
167,srnn-e-only-skip-per-neuron,0.068292,0.195464,0.067955,0.194764,0.00050000,2026-04-29T07:34:08Z
167,srnn-sfa-e-only-per-neuron,0.827254,0.701428,0.923923,0.739199,0.00050000,2026-04-29T07:34:08Z
167,srnn-sfa-e-only-skip-per-neuron,0.078919,0.209917,0.077615,0.207768,0.00050000,2026-04-29T07:34:08Z
167,srnn-std-e-only-per-neuron,0.821758,0.699133,0.926643,0.741690,0.00050000,2026-04-29T07:34:08Z
167,srnn-std-e-only-skip-per-neuron,0.070120,0.198018,0.069655,0.197093,0.00050000,2026-04-29T07:34:08Z
168,srnn-e-only-per-neuron,0.782240,0.681615,0.858596,0.712953,0.00050000,2026-04-29T07:37:51Z
168,srnn-e-only-skip-per-neuron,0.068178,0.195305,0.067847,0.194641,0.00050000,2026-04-29T07:37:51Z
168,srnn-sfa-e-only-per-neuron,0.826723,0.701207,0.923949,0.739304,0.00050000,2026-04-29T07:37:51Z
168,srnn-sfa-e-only-skip-per-neuron,0.078870,0.209840,0.077576,0.207708,0.00050000,2026-04-29T07:37:51Z
168,srnn-std-e-only-per-neuron,0.821219,0.698854,0.925589,0.741356,0.00050000,2026-04-29T07:37:51Z
168,srnn-std-e-only-skip-per-neuron,0.069985,0.197835,0.069531,0.196951,0.00050000,2026-04-29T07:37:51Z
169,srnn-e-only-per-neuron,0.781148,0.681036,0.857217,0.712461,0.00050000,2026-04-29T07:41:34Z
169,srnn-e-only-skip-per-neuron,0.068062,0.195152,0.067730,0.194474,0.00050000,2026-04-29T07:41:34Z
169,srnn-sfa-e-only-per-neuron,0.826084,0.700984,0.922764,0.738759,0.00050000,2026-04-29T07:41:34Z
169,srnn-sfa-e-only-skip-per-neuron,0.078820,0.209768,0.077533,0.207649,0.00050000,2026-04-29T07:41:34Z
169,srnn-std-e-only-per-neuron,0.820845,0.698741,0.924726,0.740987,0.00050000,2026-04-29T07:41:34Z
169,srnn-std-e-only-skip-per-neuron,0.069851,0.197660,0.069398,0.196769,0.00050000,2026-04-29T07:41:34Z
170,srnn-e-only-per-neuron,0.779956,0.680635,0.855123,0.711569,0.00050000,2026-04-29T07:45:34Z
170,srnn-e-only-skip-per-neuron,0.067947,0.194992,0.067622,0.194320,0.00050000,2026-04-29T07:45:34Z
170,srnn-sfa-e-only-per-neuron,0.825394,0.700669,0.921678,0.738306,0.00050000,2026-04-29T07:45:34Z
170,srnn-sfa-e-only-skip-per-neuron,0.078770,0.209692,0.077490,0.207580,0.00050000,2026-04-29T07:45:34Z
170,srnn-std-e-only-per-neuron,0.820295,0.698511,0.925267,0.741238,0.00050000,2026-04-29T07:45:34Z
170,srnn-std-e-only-skip-per-neuron,0.069718,0.197488,0.069269,0.196585,0.00050000,2026-04-29T07:45:34Z
171,srnn-e-only-per-neuron,0.778925,0.680102,0.853757,0.710963,0.00050000,2026-04-29T07:49:17Z
171,srnn-e-only-skip-per-neuron,0.067837,0.194845,0.067517,0.194179,0.00050000,2026-04-29T07:49:17Z
171,srnn-sfa-e-only-per-neuron,0.824818,0.700433,0.921568,0.738344,0.00050000,2026-04-29T07:49:17Z
171,srnn-sfa-e-only-skip-per-neuron,0.078719,0.209617,0.077445,0.207516,0.00050000,2026-04-29T07:49:17Z
171,srnn-std-e-only-per-neuron,0.819788,0.698282,0.924162,0.740780,0.00050000,2026-04-29T07:49:17Z
171,srnn-std-e-only-skip-per-neuron,0.069587,0.197308,0.069141,0.196429,0.00050000,2026-04-29T07:49:17Z
172,srnn-e-only-per-neuron,0.777687,0.679598,0.852673,0.710625,0.00050000,2026-04-29T07:52:59Z
172,srnn-e-only-skip-per-neuron,0.067725,0.194689,0.067406,0.194021,0.00050000,2026-04-29T07:52:59Z
172,srnn-sfa-e-only-per-neuron,0.824211,0.700170,0.920760,0.737957,0.00050000,2026-04-29T07:52:59Z
172,srnn-sfa-e-only-skip-per-neuron,0.078667,0.209543,0.077402,0.207451,0.00050000,2026-04-29T07:52:59Z
172,srnn-std-e-only-per-neuron,0.819596,0.698265,0.923309,0.740339,0.00050000,2026-04-29T07:52:59Z
172,srnn-std-e-only-skip-per-neuron,0.069455,0.197136,0.069017,0.196254,0.00050000,2026-04-29T07:52:59Z
173,srnn-e-only-per-neuron,0.776372,0.678983,0.850914,0.709778,0.00050000,2026-04-29T07:56:45Z
173,srnn-e-only-skip-per-neuron,0.067617,0.194547,0.067307,0.193910,0.00050000,2026-04-29T07:56:45Z
173,srnn-sfa-e-only-per-neuron,0.823574,0.699977,0.919791,0.737711,0.00050000,2026-04-29T07:56:45Z
173,srnn-sfa-e-only-skip-per-neuron,0.078616,0.209461,0.077357,0.207383,0.00050000,2026-04-29T07:56:45Z
173,srnn-std-e-only-per-neuron,0.818884,0.697911,0.923142,0.740405,0.00050000,2026-04-29T07:56:45Z
173,srnn-std-e-only-skip-per-neuron,0.069329,0.196969,0.068896,0.196092,0.00050000,2026-04-29T07:56:45Z
174,srnn-e-only-per-neuron,0.775200,0.678459,0.848919,0.708961,0.00050000,2026-04-29T08:00:29Z
174,srnn-e-only-skip-per-neuron,0.067508,0.194397,0.067195,0.193756,0.00050000,2026-04-29T08:00:29Z
174,srnn-sfa-e-only-per-neuron,0.823138,0.699780,0.919727,0.737628,0.00050000,2026-04-29T08:00:29Z
174,srnn-sfa-e-only-skip-per-neuron,0.078564,0.209387,0.077313,0.207320,0.00050000,2026-04-29T08:00:29Z
174,srnn-std-e-only-per-neuron,0.818695,0.697892,0.922754,0.740105,0.00050000,2026-04-29T08:00:29Z
174,srnn-std-e-only-skip-per-neuron,0.069202,0.196800,0.068765,0.195907,0.00050000,2026-04-29T08:00:29Z
175,srnn-e-only-per-neuron,0.773955,0.677945,0.847301,0.708363,0.00050000,2026-04-29T08:04:13Z
175,srnn-e-only-skip-per-neuron,0.067401,0.194251,0.067094,0.193601,0.00050000,2026-04-29T08:04:13Z
175,srnn-sfa-e-only-per-neuron,0.822609,0.699520,0.918925,0.737196,0.00050000,2026-04-29T08:04:13Z
175,srnn-sfa-e-only-skip-per-neuron,0.078511,0.209308,0.077270,0.207253,0.00050000,2026-04-29T08:04:13Z
175,srnn-std-e-only-per-neuron,0.818089,0.697561,0.922735,0.740287,0.00050000,2026-04-29T08:04:13Z
175,srnn-std-e-only-skip-per-neuron,0.069077,0.196629,0.068654,0.195775,0.00050000,2026-04-29T08:04:13Z
176,srnn-e-only-per-neuron,0.772649,0.677374,0.845276,0.707404,0.00050000,2026-04-29T08:07:57Z
176,srnn-e-only-skip-per-neuron,0.067295,0.194105,0.066987,0.193470,0.00050000,2026-04-29T08:07:57Z
176,srnn-sfa-e-only-per-neuron,0.821751,0.699219,0.917541,0.736786,0.00050000,2026-04-29T08:07:57Z
176,srnn-sfa-e-only-skip-per-neuron,0.078460,0.209232,0.077227,0.207194,0.00050000,2026-04-29T08:07:57Z
176,srnn-std-e-only-per-neuron,0.817703,0.697442,0.921475,0.739818,0.00050000,2026-04-29T08:07:57Z
176,srnn-std-e-only-skip-per-neuron,0.068956,0.196472,0.068532,0.195602,0.00050000,2026-04-29T08:07:57Z
177,srnn-e-only-per-neuron,0.771385,0.676736,0.843726,0.706808,0.00050000,2026-04-29T08:11:39Z
177,srnn-e-only-skip-per-neuron,0.067191,0.193969,0.066889,0.193346,0.00050000,2026-04-29T08:11:39Z
177,srnn-sfa-e-only-per-neuron,0.821389,0.699053,0.916794,0.736433,0.00050000,2026-04-29T08:11:39Z
177,srnn-sfa-e-only-skip-per-neuron,0.078409,0.209157,0.077187,0.207136,0.00050000,2026-04-29T08:11:39Z
177,srnn-std-e-only-per-neuron,0.817170,0.697192,0.920013,0.739108,0.00050000,2026-04-29T08:11:39Z
177,srnn-std-e-only-skip-per-neuron,0.068837,0.196314,0.068419,0.195451,0.00050000,2026-04-29T08:11:39Z
178,srnn-e-only-per-neuron,0.770137,0.676273,0.842207,0.706161,0.00050000,2026-04-29T08:15:22Z
178,srnn-e-only-skip-per-neuron,0.067087,0.193819,0.066789,0.193203,0.00050000,2026-04-29T08:15:22Z
178,srnn-sfa-e-only-per-neuron,0.820554,0.698657,0.916009,0.736097,0.00050000,2026-04-29T08:15:22Z
178,srnn-sfa-e-only-skip-per-neuron,0.078359,0.209083,0.077147,0.207072,0.00050000,2026-04-29T08:15:22Z
178,srnn-std-e-only-per-neuron,0.816720,0.696994,0.919708,0.739149,0.00050000,2026-04-29T08:15:22Z
178,srnn-std-e-only-skip-per-neuron,0.068718,0.196152,0.068297,0.195282,0.00050000,2026-04-29T08:15:22Z
179,srnn-e-only-per-neuron,0.768797,0.675600,0.840352,0.705377,0.00050000,2026-04-29T08:19:05Z
179,srnn-e-only-skip-per-neuron,0.066986,0.193686,0.066687,0.193054,0.00050000,2026-04-29T08:19:05Z
179,srnn-sfa-e-only-per-neuron,0.820279,0.698631,0.915691,0.735924,0.00050000,2026-04-29T08:19:05Z
179,srnn-sfa-e-only-skip-per-neuron,0.078309,0.209009,0.077105,0.207012,0.00050000,2026-04-29T08:19:05Z
179,srnn-std-e-only-per-neuron,0.816351,0.696896,0.920182,0.739370,0.00050000,2026-04-29T08:19:05Z
179,srnn-std-e-only-skip-per-neuron,0.068601,0.195992,0.068183,0.195153,0.00050000,2026-04-29T08:19:05Z
180,srnn-e-only-per-neuron,0.767471,0.675058,0.838104,0.704462,0.00050000,2026-04-29T08:23:05Z
180,srnn-e-only-skip-per-neuron,0.066885,0.193550,0.066596,0.192924,0.00050000,2026-04-29T08:23:05Z
180,srnn-sfa-e-only-per-neuron,0.819389,0.698217,0.914450,0.735374,0.00050000,2026-04-29T08:23:05Z
180,srnn-sfa-e-only-skip-per-neuron,0.078261,0.208936,0.077064,0.206954,0.00050000,2026-04-29T08:23:05Z
180,srnn-std-e-only-per-neuron,0.815864,0.696705,0.920206,0.739348,0.00050000,2026-04-29T08:23:05Z
180,srnn-std-e-only-skip-per-neuron,0.068486,0.195834,0.068067,0.194997,0.00050000,2026-04-29T08:23:05Z
181,srnn-e-only-per-neuron,0.766152,0.674469,0.836155,0.703618,0.00050000,2026-04-29T08:26:49Z
181,srnn-e-only-skip-per-neuron,0.066787,0.193427,0.066499,0.192810,0.00050000,2026-04-29T08:26:49Z
181,srnn-sfa-e-only-per-neuron,0.818848,0.698011,0.914427,0.735488,0.00050000,2026-04-29T08:26:49Z
181,srnn-sfa-e-only-skip-per-neuron,0.078213,0.208867,0.077024,0.206895,0.00050000,2026-04-29T08:26:49Z
181,srnn-std-e-only-per-neuron,0.815221,0.696378,0.918254,0.738620,0.00050000,2026-04-29T08:26:49Z
181,srnn-std-e-only-skip-per-neuron,0.068375,0.195696,0.067958,0.194838,0.00050000,2026-04-29T08:26:49Z
182,srnn-e-only-per-neuron,0.764777,0.673853,0.834154,0.702687,0.00050000,2026-04-29T08:30:33Z
182,srnn-e-only-skip-per-neuron,0.066687,0.193284,0.066399,0.192662,0.00050000,2026-04-29T08:30:33Z
182,srnn-sfa-e-only-per-neuron,0.818337,0.697826,0.913592,0.735119,0.00050000,2026-04-29T08:30:33Z
182,srnn-sfa-e-only-skip-per-neuron,0.078165,0.208795,0.076983,0.206830,0.00050000,2026-04-29T08:30:33Z
182,srnn-std-e-only-per-neuron,0.814947,0.696307,0.918020,0.738627,0.00050000,2026-04-29T08:30:33Z
182,srnn-std-e-only-skip-per-neuron,0.068260,0.195538,0.067838,0.194663,0.00050000,2026-04-29T08:30:33Z
183,srnn-e-only-per-neuron,0.763314,0.673181,0.831921,0.701786,0.00050000,2026-04-29T08:34:16Z
183,srnn-e-only-skip-per-neuron,0.066591,0.193150,0.066313,0.192551,0.00050000,2026-04-29T08:34:16Z
183,srnn-sfa-e-only-per-neuron,0.817586,0.697443,0.912416,0.734520,0.00050000,2026-04-29T08:34:16Z
183,srnn-sfa-e-only-skip-per-neuron,0.078118,0.208726,0.076944,0.206776,0.00050000,2026-04-29T08:34:16Z
183,srnn-std-e-only-per-neuron,0.814518,0.696103,0.918145,0.738603,0.00050000,2026-04-29T08:34:16Z
183,srnn-std-e-only-skip-per-neuron,0.068150,0.195383,0.067734,0.194533,0.00050000,2026-04-29T08:34:16Z
184,srnn-e-only-per-neuron,0.761999,0.672574,0.830182,0.700986,0.00050000,2026-04-29T08:38:00Z
184,srnn-e-only-skip-per-neuron,0.066497,0.193026,0.066226,0.192436,0.00050000,2026-04-29T08:38:00Z
184,srnn-sfa-e-only-per-neuron,0.817310,0.697357,0.911139,0.734074,0.00050000,2026-04-29T08:38:00Z
184,srnn-sfa-e-only-skip-per-neuron,0.078072,0.208658,0.076905,0.206717,0.00050000,2026-04-29T08:38:00Z
184,srnn-std-e-only-per-neuron,0.814107,0.695968,0.916525,0.737900,0.00050000,2026-04-29T08:38:00Z
184,srnn-std-e-only-skip-per-neuron,0.068043,0.195246,0.067622,0.194368,0.00050000,2026-04-29T08:38:00Z
185,srnn-e-only-per-neuron,0.760469,0.671945,0.828095,0.700161,0.00050000,2026-04-29T08:41:43Z
185,srnn-e-only-skip-per-neuron,0.066402,0.192899,0.066139,0.192314,0.00050000,2026-04-29T08:41:43Z
185,srnn-sfa-e-only-per-neuron,0.816562,0.697058,0.910667,0.733886,0.00050000,2026-04-29T08:41:43Z
185,srnn-sfa-e-only-skip-per-neuron,0.078027,0.208595,0.076865,0.206663,0.00050000,2026-04-29T08:41:43Z
185,srnn-std-e-only-per-neuron,0.813514,0.695677,0.915810,0.737732,0.00050000,2026-04-29T08:41:43Z
185,srnn-std-e-only-skip-per-neuron,0.067936,0.195097,0.067511,0.194242,0.00050000,2026-04-29T08:41:43Z
186,srnn-e-only-per-neuron,0.758978,0.671225,0.826183,0.699322,0.00050000,2026-04-29T08:45:26Z
186,srnn-e-only-skip-per-neuron,0.066311,0.192777,0.066050,0.192179,0.00050000,2026-04-29T08:45:26Z
186,srnn-sfa-e-only-per-neuron,0.816158,0.696922,0.910138,0.733688,0.00050000,2026-04-29T08:45:26Z
186,srnn-sfa-e-only-skip-per-neuron,0.077982,0.208526,0.076824,0.206603,0.00050000,2026-04-29T08:45:26Z
186,srnn-std-e-only-per-neuron,0.813089,0.695524,0.915284,0.737493,0.00050000,2026-04-29T08:45:26Z
186,srnn-std-e-only-skip-per-neuron,0.067830,0.194950,0.067408,0.194110,0.00050000,2026-04-29T08:45:26Z
187,srnn-e-only-per-neuron,0.757513,0.670589,0.823695,0.698246,0.00050000,2026-04-29T08:49:10Z
187,srnn-e-only-skip-per-neuron,0.066223,0.192657,0.065969,0.192077,0.00050000,2026-04-29T08:49:10Z
187,srnn-sfa-e-only-per-neuron,0.815626,0.696666,0.909253,0.733590,0.00050000,2026-04-29T08:49:10Z
187,srnn-sfa-e-only-skip-per-neuron,0.077939,0.208465,0.076785,0.206548,0.00050000,2026-04-29T08:49:10Z
187,srnn-std-e-only-per-neuron,0.812540,0.695248,0.914620,0.737139,0.00050000,2026-04-29T08:49:10Z
187,srnn-std-e-only-skip-per-neuron,0.067728,0.194820,0.067303,0.193956,0.00050000,2026-04-29T08:49:10Z
188,srnn-e-only-per-neuron,0.756017,0.669923,0.821586,0.697349,0.00050000,2026-04-29T08:52:53Z
188,srnn-e-only-skip-per-neuron,0.066134,0.192541,0.065883,0.191944,0.00050000,2026-04-29T08:52:53Z
188,srnn-sfa-e-only-per-neuron,0.815352,0.696632,0.907840,0.732715,0.00050000,2026-04-29T08:52:53Z
188,srnn-sfa-e-only-skip-per-neuron,0.077895,0.208398,0.076748,0.206492,0.00050000,2026-04-29T08:52:53Z
188,srnn-std-e-only-per-neuron,0.811844,0.694968,0.913954,0.737003,0.00050000,2026-04-29T08:52:53Z
188,srnn-std-e-only-skip-per-neuron,0.067626,0.194680,0.067200,0.193808,0.00050000,2026-04-29T08:52:53Z
189,srnn-e-only-per-neuron,0.754452,0.669176,0.819215,0.696304,0.00050000,2026-04-29T08:56:36Z
189,srnn-e-only-skip-per-neuron,0.066046,0.192417,0.065793,0.191846,0.00050000,2026-04-29T08:56:36Z
189,srnn-sfa-e-only-per-neuron,0.814809,0.696391,0.906884,0.732437,0.00050000,2026-04-29T08:56:36Z
189,srnn-sfa-e-only-skip-per-neuron,0.077853,0.208340,0.076711,0.206444,0.00050000,2026-04-29T08:56:36Z
189,srnn-std-e-only-per-neuron,0.811532,0.694952,0.913636,0.736803,0.00050000,2026-04-29T08:56:36Z
189,srnn-std-e-only-skip-per-neuron,0.067527,0.194552,0.067101,0.193666,0.00050000,2026-04-29T08:56:36Z
190,srnn-e-only-per-neuron,0.752893,0.668444,0.817164,0.695557,0.00050000,2026-04-29T09:00:37Z
190,srnn-e-only-skip-per-neuron,0.065960,0.192311,0.065710,0.191744,0.00050000,2026-04-29T09:00:37Z
190,srnn-sfa-e-only-per-neuron,0.813718,0.695837,0.906620,0.732439,0.00050000,2026-04-29T09:00:37Z
190,srnn-sfa-e-only-skip-per-neuron,0.077811,0.208277,0.076670,0.206385,0.00050000,2026-04-29T09:00:37Z
190,srnn-std-e-only-per-neuron,0.811012,0.694611,0.913013,0.736610,0.00050000,2026-04-29T09:00:37Z
190,srnn-std-e-only-skip-per-neuron,0.067429,0.194417,0.067001,0.193552,0.00050000,2026-04-29T09:00:37Z
191,srnn-e-only-per-neuron,0.751267,0.667742,0.815054,0.694556,0.00050000,2026-04-29T09:04:22Z
191,srnn-e-only-skip-per-neuron,0.065876,0.192192,0.065629,0.191626,0.00050000,2026-04-29T09:04:22Z
191,srnn-sfa-e-only-per-neuron,0.813273,0.695732,0.904262,0.731308,0.00050000,2026-04-29T09:04:22Z
191,srnn-sfa-e-only-skip-per-neuron,0.077770,0.208221,0.076637,0.206336,0.00050000,2026-04-29T09:04:22Z
191,srnn-std-e-only-per-neuron,0.810675,0.694524,0.913711,0.736886,0.00050000,2026-04-29T09:04:22Z
191,srnn-std-e-only-skip-per-neuron,0.067332,0.194281,0.066902,0.193432,0.00050000,2026-04-29T09:04:22Z
192,srnn-e-only-per-neuron,0.749651,0.666991,0.812285,0.693429,0.00050000,2026-04-29T09:08:05Z
192,srnn-e-only-skip-per-neuron,0.065795,0.192079,0.065544,0.191529,0.00050000,2026-04-29T09:08:05Z
192,srnn-sfa-e-only-per-neuron,0.812681,0.695434,0.905303,0.731808,0.00050000,2026-04-29T09:08:05Z
192,srnn-sfa-e-only-skip-per-neuron,0.077729,0.208157,0.076597,0.206277,0.00050000,2026-04-29T09:08:05Z
192,srnn-std-e-only-per-neuron,0.810279,0.694306,0.912884,0.736547,0.00050000,2026-04-29T09:08:05Z
192,srnn-std-e-only-skip-per-neuron,0.067236,0.194153,0.066809,0.193284,0.00050000,2026-04-29T09:08:05Z
193,srnn-e-only-per-neuron,0.747937,0.666215,0.810113,0.692393,0.00050000,2026-04-29T09:11:48Z
193,srnn-e-only-skip-per-neuron,0.065710,0.191967,0.065473,0.191465,0.00050000,2026-04-29T09:11:48Z
193,srnn-sfa-e-only-per-neuron,0.811918,0.695137,0.904134,0.731406,0.00050000,2026-04-29T09:11:48Z
193,srnn-sfa-e-only-skip-per-neuron,0.077690,0.208102,0.076563,0.206231,0.00050000,2026-04-29T09:11:48Z
193,srnn-std-e-only-per-neuron,0.809982,0.694247,0.911763,0.736078,0.00050000,2026-04-29T09:11:48Z
193,srnn-std-e-only-skip-per-neuron,0.067141,0.194027,0.066723,0.193167,0.00050000,2026-04-29T09:11:48Z
194,srnn-e-only-per-neuron,0.746323,0.665426,0.807767,0.691514,0.00050000,2026-04-29T09:15:32Z
194,srnn-e-only-skip-per-neuron,0.065631,0.191870,0.065389,0.191321,0.00050000,2026-04-29T09:15:32Z
194,srnn-sfa-e-only-per-neuron,0.811126,0.694795,0.902860,0.730843,0.00050000,2026-04-29T09:15:32Z
194,srnn-sfa-e-only-skip-per-neuron,0.077650,0.208043,0.076529,0.206186,0.00050000,2026-04-29T09:15:32Z
194,srnn-std-e-only-per-neuron,0.809470,0.694017,0.911989,0.736252,0.00050000,2026-04-29T09:15:32Z
194,srnn-std-e-only-skip-per-neuron,0.067048,0.193911,0.066633,0.193029,0.00050000,2026-04-29T09:15:32Z
195,srnn-e-only-per-neuron,0.744556,0.664668,0.805283,0.690290,0.00050000,2026-04-29T09:19:16Z
195,srnn-e-only-skip-per-neuron,0.065550,0.191757,0.065307,0.191192,0.00050000,2026-04-29T09:19:16Z
195,srnn-sfa-e-only-per-neuron,0.810421,0.694465,0.902283,0.730695,0.00050000,2026-04-29T09:19:16Z
195,srnn-sfa-e-only-skip-per-neuron,0.077611,0.207991,0.076492,0.206131,0.00050000,2026-04-29T09:19:16Z
195,srnn-std-e-only-per-neuron,0.809094,0.693807,0.910880,0.735779,0.00050000,2026-04-29T09:19:16Z
195,srnn-std-e-only-skip-per-neuron,0.066954,0.193776,0.066537,0.192905,0.00050000,2026-04-29T09:19:16Z
196,srnn-e-only-per-neuron,0.742862,0.663817,0.802748,0.689308,0.00050000,2026-04-29T09:23:00Z
196,srnn-e-only-skip-per-neuron,0.065471,0.191649,0.065231,0.191082,0.00050000,2026-04-29T09:23:00Z
196,srnn-sfa-e-only-per-neuron,0.809667,0.694151,0.900378,0.729925,0.00050000,2026-04-29T09:23:00Z
196,srnn-sfa-e-only-skip-per-neuron,0.077573,0.207932,0.076458,0.206091,0.00050000,2026-04-29T09:23:00Z
196,srnn-std-e-only-per-neuron,0.808239,0.693524,0.910428,0.735596,0.00050000,2026-04-29T09:23:00Z
196,srnn-std-e-only-skip-per-neuron,0.066864,0.193643,0.066450,0.192795,0.00050000,2026-04-29T09:23:00Z
197,srnn-e-only-per-neuron,0.741127,0.663118,0.800180,0.688156,0.00050000,2026-04-29T09:26:43Z
197,srnn-e-only-skip-per-neuron,0.065395,0.191539,0.065163,0.191011,0.00050000,2026-04-29T09:26:43Z
197,srnn-sfa-e-only-per-neuron,0.808998,0.693886,0.900222,0.729842,0.00050000,2026-04-29T09:26:43Z
197,srnn-sfa-e-only-skip-per-neuron,0.077534,0.207880,0.076423,0.206037,0.00050000,2026-04-29T09:26:43Z
197,srnn-std-e-only-per-neuron,0.807951,0.693378,0.909705,0.735171,0.00050000,2026-04-29T09:26:43Z
197,srnn-std-e-only-skip-per-neuron,0.066776,0.193530,0.066370,0.192673,0.00050000,2026-04-29T09:26:43Z
198,srnn-e-only-per-neuron,0.739281,0.662188,0.797569,0.687025,0.00050000,2026-04-29T09:30:26Z
198,srnn-e-only-skip-per-neuron,0.065319,0.191445,0.065086,0.190914,0.00050000,2026-04-29T09:30:26Z
198,srnn-sfa-e-only-per-neuron,0.808443,0.693623,0.899427,0.729568,0.00050000,2026-04-29T09:30:26Z
198,srnn-sfa-e-only-skip-per-neuron,0.077497,0.207822,0.076388,0.205989,0.00050000,2026-04-29T09:30:26Z
198,srnn-std-e-only-per-neuron,0.807493,0.693123,0.908889,0.734829,0.00050000,2026-04-29T09:30:26Z
198,srnn-std-e-only-skip-per-neuron,0.066689,0.193417,0.066293,0.192570,0.00050000,2026-04-29T09:30:26Z
199,srnn-e-only-per-neuron,0.737415,0.661348,0.795047,0.685925,0.00050000,2026-04-29T09:34:09Z
199,srnn-e-only-skip-per-neuron,0.065242,0.191346,0.065019,0.190804,0.00050000,2026-04-29T09:34:09Z
199,srnn-sfa-e-only-per-neuron,0.807663,0.693320,0.897431,0.728725,0.00050000,2026-04-29T09:34:09Z
199,srnn-sfa-e-only-skip-per-neuron,0.077459,0.207768,0.076354,0.205942,0.00050000,2026-04-29T09:34:09Z
199,srnn-std-e-only-per-neuron,0.807258,0.693043,0.909280,0.735037,0.00050000,2026-04-29T09:34:09Z
199,srnn-std-e-only-skip-per-neuron,0.066599,0.193287,0.066208,0.192482,0.00050000,2026-04-29T09:34:09Z
200,srnn-e-only-per-neuron,0.735562,0.660499,0.792333,0.684746,0.00050000,2026-04-29T09:38:10Z
200,srnn-e-only-skip-per-neuron,0.065169,0.191243,0.064946,0.190706,0.00050000,2026-04-29T09:38:10Z
200,srnn-sfa-e-only-per-neuron,0.806981,0.693027,0.896829,0.728480,0.00050000,2026-04-29T09:38:10Z
200,srnn-sfa-e-only-skip-per-neuron,0.077421,0.207714,0.076322,0.205904,0.00050000,2026-04-29T09:38:10Z
200,srnn-std-e-only-per-neuron,0.806640,0.692861,0.908151,0.734563,0.00050000,2026-04-29T09:38:10Z
200,srnn-std-e-only-skip-per-neuron,0.066515,0.193178,0.066123,0.192344,0.00050000,2026-04-29T09:38:10Z
201,srnn-e-only-per-neuron,0.733638,0.659590,0.789600,0.683470,0.00050000,2026-04-29T09:41:54Z
201,srnn-e-only-skip-per-neuron,0.065094,0.191146,0.064876,0.190637,0.00050000,2026-04-29T09:41:54Z
201,srnn-sfa-e-only-per-neuron,0.806253,0.692727,0.896036,0.728296,0.00050000,2026-04-29T09:41:54Z
201,srnn-sfa-e-only-skip-per-neuron,0.077383,0.207661,0.076289,0.205854,0.00050000,2026-04-29T09:41:54Z
201,srnn-std-e-only-per-neuron,0.806120,0.692654,0.907587,0.734313,0.00050000,2026-04-29T09:41:54Z
201,srnn-std-e-only-skip-per-neuron,0.066430,0.193058,0.066046,0.192236,0.00050000,2026-04-29T09:41:54Z
202,srnn-e-only-per-neuron,0.731751,0.658742,0.786999,0.682449,0.00050000,2026-04-29T09:45:40Z
202,srnn-e-only-skip-per-neuron,0.065025,0.191044,0.064797,0.190527,0.00050000,2026-04-29T09:45:40Z
202,srnn-sfa-e-only-per-neuron,0.805540,0.692401,0.895632,0.728119,0.00050000,2026-04-29T09:45:40Z
202,srnn-sfa-e-only-skip-per-neuron,0.077346,0.207613,0.076261,0.205818,0.00050000,2026-04-29T09:45:40Z
202,srnn-std-e-only-per-neuron,0.805461,0.692261,0.907091,0.734103,0.00050000,2026-04-29T09:45:40Z
202,srnn-std-e-only-skip-per-neuron,0.066348,0.192950,0.065962,0.192112,0.00050000,2026-04-29T09:45:40Z
203,srnn-e-only-per-neuron,0.729742,0.657777,0.783963,0.680981,0.00050000,2026-04-29T09:49:25Z
203,srnn-e-only-skip-per-neuron,0.064947,0.190950,0.064734,0.190427,0.00050000,2026-04-29T09:49:25Z
203,srnn-sfa-e-only-per-neuron,0.804916,0.692164,0.894672,0.727720,0.00050000,2026-04-29T09:49:25Z
203,srnn-sfa-e-only-skip-per-neuron,0.077309,0.207556,0.076223,0.205767,0.00050000,2026-04-29T09:49:25Z
203,srnn-std-e-only-per-neuron,0.804987,0.692133,0.905825,0.733598,0.00050000,2026-04-29T09:49:25Z
203,srnn-std-e-only-skip-per-neuron,0.066263,0.192834,0.065898,0.192045,0.00050000,2026-04-29T09:49:25Z
204,srnn-e-only-per-neuron,0.727766,0.656861,0.781450,0.680025,0.00050000,2026-04-29T09:53:08Z
204,srnn-e-only-skip-per-neuron,0.064876,0.190851,0.064663,0.190327,0.00050000,2026-04-29T09:53:08Z
204,srnn-sfa-e-only-per-neuron,0.804260,0.691846,0.894062,0.727509,0.00050000,2026-04-29T09:53:08Z
204,srnn-sfa-e-only-skip-per-neuron,0.077272,0.207506,0.076188,0.205718,0.00050000,2026-04-29T09:53:08Z
204,srnn-std-e-only-per-neuron,0.804408,0.691890,0.905830,0.733659,0.00050000,2026-04-29T09:53:08Z
204,srnn-std-e-only-skip-per-neuron,0.066186,0.192731,0.065809,0.191922,0.00050000,2026-04-29T09:53:08Z
205,srnn-e-only-per-neuron,0.725688,0.655929,0.778766,0.678810,0.00050000,2026-04-29T09:56:52Z
205,srnn-e-only-skip-per-neuron,0.064806,0.190756,0.064606,0.190255,0.00050000,2026-04-29T09:56:52Z
205,srnn-sfa-e-only-per-neuron,0.803721,0.691675,0.892715,0.727016,0.00050000,2026-04-29T09:56:52Z
205,srnn-sfa-e-only-skip-per-neuron,0.077234,0.207453,0.076161,0.205684,0.00050000,2026-04-29T09:56:52Z
205,srnn-std-e-only-per-neuron,0.803914,0.691632,0.905107,0.733286,0.00050000,2026-04-29T09:56:52Z
205,srnn-std-e-only-skip-per-neuron,0.066105,0.192619,0.065737,0.191837,0.00050000,2026-04-29T09:56:52Z
206,srnn-e-only-per-neuron,0.723602,0.654897,0.775732,0.677384,0.00050000,2026-04-29T10:00:35Z
206,srnn-e-only-skip-per-neuron,0.064736,0.190664,0.064539,0.190169,0.00050000,2026-04-29T10:00:35Z
206,srnn-sfa-e-only-per-neuron,0.802993,0.691351,0.891979,0.726668,0.00050000,2026-04-29T10:00:35Z
206,srnn-sfa-e-only-skip-per-neuron,0.077197,0.207404,0.076128,0.205640,0.00050000,2026-04-29T10:00:35Z
206,srnn-std-e-only-per-neuron,0.803665,0.691573,0.904073,0.732795,0.00050000,2026-04-29T10:00:35Z
206,srnn-std-e-only-skip-per-neuron,0.066024,0.192510,0.065662,0.191735,0.00050000,2026-04-29T10:00:35Z
207,srnn-e-only-per-neuron,0.721533,0.653948,0.773065,0.676283,0.00050000,2026-04-29T10:04:18Z
207,srnn-e-only-skip-per-neuron,0.064667,0.190571,0.064469,0.190066,0.00050000,2026-04-29T10:04:18Z
207,srnn-sfa-e-only-per-neuron,0.802266,0.691016,0.891327,0.726406,0.00050000,2026-04-29T10:04:18Z
207,srnn-sfa-e-only-skip-per-neuron,0.077160,0.207349,0.076095,0.205600,0.00050000,2026-04-29T10:04:18Z
207,srnn-std-e-only-per-neuron,0.803130,0.691383,0.904011,0.732832,0.00050000,2026-04-29T10:04:18Z
207,srnn-std-e-only-skip-per-neuron,0.065950,0.192409,0.065589,0.191613,0.00050000,2026-04-29T10:04:18Z
208,srnn-e-only-per-neuron,0.719374,0.652922,0.770048,0.674840,0.00050000,2026-04-29T10:08:01Z
208,srnn-e-only-skip-per-neuron,0.064598,0.190479,0.064404,0.190002,0.00050000,2026-04-29T10:08:01Z
208,srnn-sfa-e-only-per-neuron,0.801780,0.690778,0.890843,0.726288,0.00050000,2026-04-29T10:08:01Z
208,srnn-sfa-e-only-skip-per-neuron,0.077124,0.207302,0.076061,0.205547,0.00050000,2026-04-29T10:08:01Z
208,srnn-std-e-only-per-neuron,0.802603,0.691153,0.902673,0.732144,0.00050000,2026-04-29T10:08:01Z
208,srnn-std-e-only-skip-per-neuron,0.065872,0.192306,0.065517,0.191540,0.00050000,2026-04-29T10:08:01Z
209,srnn-e-only-per-neuron,0.717238,0.651935,0.767200,0.673661,0.00050000,2026-04-29T10:11:45Z
209,srnn-e-only-skip-per-neuron,0.064529,0.190387,0.064340,0.189921,0.00050000,2026-04-29T10:11:45Z
209,srnn-sfa-e-only-per-neuron,0.800990,0.690527,0.889464,0.725673,0.00050000,2026-04-29T10:11:45Z
209,srnn-sfa-e-only-skip-per-neuron,0.077086,0.207247,0.076028,0.205504,0.00050000,2026-04-29T10:11:45Z
209,srnn-std-e-only-per-neuron,0.802267,0.690976,0.902607,0.732217,0.00050000,2026-04-29T10:11:45Z
209,srnn-std-e-only-skip-per-neuron,0.065796,0.192198,0.065449,0.191435,0.00050000,2026-04-29T10:11:45Z
210,srnn-e-only-per-neuron,0.715041,0.650878,0.764374,0.672260,0.00050000,2026-04-29T10:15:47Z
210,srnn-e-only-skip-per-neuron,0.064462,0.190305,0.064274,0.189811,0.00050000,2026-04-29T10:15:47Z
210,srnn-sfa-e-only-per-neuron,0.800250,0.690155,0.889024,0.725465,0.00050000,2026-04-29T10:15:47Z
210,srnn-sfa-e-only-skip-per-neuron,0.077050,0.207199,0.076000,0.205472,0.00050000,2026-04-29T10:15:47Z
210,srnn-std-e-only-per-neuron,0.801511,0.690670,0.901596,0.731709,0.00050000,2026-04-29T10:15:47Z
210,srnn-std-e-only-skip-per-neuron,0.065724,0.192104,0.065374,0.191333,0.00050000,2026-04-29T10:15:47Z
211,srnn-e-only-per-neuron,0.712818,0.649854,0.761262,0.670930,0.00050000,2026-04-29T10:19:32Z
211,srnn-e-only-skip-per-neuron,0.064396,0.190208,0.064215,0.189755,0.00050000,2026-04-29T10:19:32Z
211,srnn-sfa-e-only-per-neuron,0.799510,0.689801,0.887606,0.724904,0.00050000,2026-04-29T10:19:32Z
211,srnn-sfa-e-only-skip-per-neuron,0.077013,0.207151,0.075966,0.205416,0.00050000,2026-04-29T10:19:32Z
211,srnn-std-e-only-per-neuron,0.801092,0.690494,0.900544,0.731261,0.00050000,2026-04-29T10:19:32Z
211,srnn-std-e-only-skip-per-neuron,0.065648,0.191996,0.065302,0.191258,0.00050000,2026-04-29T10:19:32Z
212,srnn-e-only-per-neuron,0.710611,0.648779,0.758220,0.669536,0.00050000,2026-04-29T10:23:17Z
212,srnn-e-only-skip-per-neuron,0.064331,0.190120,0.064149,0.189654,0.00050000,2026-04-29T10:23:17Z
212,srnn-sfa-e-only-per-neuron,0.798847,0.689590,0.886754,0.724547,0.00050000,2026-04-29T10:23:17Z
212,srnn-sfa-e-only-skip-per-neuron,0.076977,0.207101,0.075935,0.205387,0.00050000,2026-04-29T10:23:17Z
212,srnn-std-e-only-per-neuron,0.800514,0.690240,0.900104,0.731075,0.00050000,2026-04-29T10:23:17Z
212,srnn-std-e-only-skip-per-neuron,0.065574,0.191887,0.065226,0.191162,0.00050000,2026-04-29T10:23:17Z
213,srnn-e-only-per-neuron,0.708366,0.647746,0.755417,0.668276,0.00050000,2026-04-29T10:27:04Z
213,srnn-e-only-skip-per-neuron,0.064267,0.190031,0.064087,0.189577,0.00050000,2026-04-29T10:27:04Z
213,srnn-sfa-e-only-per-neuron,0.798157,0.689257,0.885959,0.724330,0.00050000,2026-04-29T10:27:04Z
213,srnn-sfa-e-only-skip-per-neuron,0.076940,0.207050,0.075903,0.205333,0.00050000,2026-04-29T10:27:04Z
213,srnn-std-e-only-per-neuron,0.800008,0.690013,0.899894,0.730993,0.00050000,2026-04-29T10:27:04Z
213,srnn-std-e-only-skip-per-neuron,0.065503,0.191788,0.065161,0.191048,0.00050000,2026-04-29T10:27:04Z
214,srnn-e-only-per-neuron,0.706056,0.646658,0.752278,0.666787,0.00050000,2026-04-29T10:30:52Z
214,srnn-e-only-skip-per-neuron,0.064199,0.189943,0.064024,0.189514,0.00050000,2026-04-29T10:30:52Z
214,srnn-sfa-e-only-per-neuron,0.797377,0.688928,0.885159,0.724050,0.00050000,2026-04-29T10:30:52Z
214,srnn-sfa-e-only-skip-per-neuron,0.076904,0.207000,0.075872,0.205297,0.00050000,2026-04-29T10:30:52Z
214,srnn-std-e-only-per-neuron,0.799560,0.689803,0.898785,0.730634,0.00050000,2026-04-29T10:30:52Z
214,srnn-std-e-only-skip-per-neuron,0.065431,0.191700,0.065097,0.190982,0.00050000,2026-04-29T10:30:52Z
215,srnn-e-only-per-neuron,0.703707,0.645497,0.749277,0.665422,0.00050000,2026-04-29T10:34:39Z
215,srnn-e-only-skip-per-neuron,0.064132,0.189854,0.063973,0.189474,0.00050000,2026-04-29T10:34:39Z
215,srnn-sfa-e-only-per-neuron,0.796690,0.688612,0.884471,0.723697,0.00050000,2026-04-29T10:34:39Z
215,srnn-sfa-e-only-skip-per-neuron,0.076868,0.206952,0.075837,0.205245,0.00050000,2026-04-29T10:34:39Z
215,srnn-std-e-only-per-neuron,0.798927,0.689599,0.898147,0.730395,0.00050000,2026-04-29T10:34:39Z
215,srnn-std-e-only-skip-per-neuron,0.065360,0.191602,0.065035,0.190899,0.00050000,2026-04-29T10:34:39Z
216,srnn-e-only-per-neuron,0.701383,0.644404,0.746283,0.664013,0.00050000,2026-04-29T10:38:26Z
216,srnn-e-only-skip-per-neuron,0.064069,0.189777,0.063914,0.189358,0.00050000,2026-04-29T10:38:26Z
216,srnn-sfa-e-only-per-neuron,0.795769,0.688250,0.883111,0.723279,0.00050000,2026-04-29T10:38:26Z
216,srnn-sfa-e-only-skip-per-neuron,0.076832,0.206905,0.075811,0.205214,0.00050000,2026-04-29T10:38:26Z
216,srnn-std-e-only-per-neuron,0.798390,0.689380,0.897753,0.730158,0.00050000,2026-04-29T10:38:26Z
216,srnn-std-e-only-skip-per-neuron,0.065290,0.191512,0.064965,0.190790,0.00050000,2026-04-29T10:38:26Z
217,srnn-e-only-per-neuron,0.699051,0.643277,0.743101,0.662616,0.00050000,2026-04-29T10:42:13Z
217,srnn-e-only-skip-per-neuron,0.064006,0.189690,0.063851,0.189243,0.00050000,2026-04-29T10:42:13Z
217,srnn-sfa-e-only-per-neuron,0.795222,0.688044,0.882312,0.722827,0.00050000,2026-04-29T10:42:13Z
217,srnn-sfa-e-only-skip-per-neuron,0.076795,0.206855,0.075780,0.205168,0.00050000,2026-04-29T10:42:13Z
217,srnn-std-e-only-per-neuron,0.797663,0.688959,0.897852,0.730179,0.00050000,2026-04-29T10:42:13Z
217,srnn-std-e-only-skip-per-neuron,0.065221,0.191410,0.064899,0.190709,0.00050000,2026-04-29T10:42:13Z
218,srnn-e-only-per-neuron,0.696664,0.642191,0.740093,0.661127,0.00050000,2026-04-29T10:46:01Z
218,srnn-e-only-skip-per-neuron,0.063943,0.189606,0.063782,0.189151,0.00050000,2026-04-29T10:46:01Z
218,srnn-sfa-e-only-per-neuron,0.794283,0.687560,0.880861,0.722291,0.00050000,2026-04-29T10:46:01Z
218,srnn-sfa-e-only-skip-per-neuron,0.076760,0.206803,0.075747,0.205131,0.00050000,2026-04-29T10:46:01Z
218,srnn-std-e-only-per-neuron,0.797359,0.688883,0.896707,0.729843,0.00050000,2026-04-29T10:46:01Z
218,srnn-std-e-only-skip-per-neuron,0.065153,0.191314,0.064834,0.190622,0.00050000,2026-04-29T10:46:01Z
219,srnn-e-only-per-neuron,0.694253,0.640962,0.736945,0.659762,0.00050000,2026-04-29T10:49:49Z
219,srnn-e-only-skip-per-neuron,0.063881,0.189517,0.063725,0.189107,0.00050000,2026-04-29T10:49:49Z
219,srnn-sfa-e-only-per-neuron,0.793613,0.687303,0.880402,0.722336,0.00050000,2026-04-29T10:49:49Z
219,srnn-sfa-e-only-skip-per-neuron,0.076723,0.206758,0.075714,0.205080,0.00050000,2026-04-29T10:49:49Z
219,srnn-std-e-only-per-neuron,0.796817,0.688684,0.896079,0.729481,0.00050000,2026-04-29T10:49:49Z
219,srnn-std-e-only-skip-per-neuron,0.065089,0.191237,0.064771,0.190552,0.00050000,2026-04-29T10:49:49Z
